Asset IP Address,Asset Names,Asset OS Name,Asset OS Version,Exploit URLs,Service Name,Service Port,Service Product,Vulnerability Additional URLs,Vulnerability Age,Vulnerability CVE IDs,Vulnerability CVE URLs,Vulnerability Description,Vulnerability ID,Vulnerability Proof,Vulnerability Published Date,Vulnerability Reference IDs,Vulnerability Reference URLs,Vulnerability Risk Score,Vulnerability Severity Level,Vulnerability Solution,Vulnerability Test Date,Vulnerable Since,Vulnerability Title
10.103.128.10,ip-10-103-128-10.ec2.internal,CentOS Linux,6.8,,System,0,,,100 Days,,,"One or more of the system's partitions are mounted without certain hardening options enabled. While this is not a definite vulnerability on its own, system security may be improved by employing hardening techniques.",unix-partition-mounting-weakness,The following issues were discovered: /var/lib/nfs/rpc_pipefs partition does not have 'nodev' option set.,2005-01-15,,,545,2,"Partition Mounting Weakness


The specific way to modify the partition mount options varies from system to system. Consult your operating system's manual or mount man page.",2016-09-15,2016-06-07,Partition Mounting Weakness
10.103.128.10,ip-10-103-128-10.ec2.internal,CentOS Linux,6.8,,System,0,,,100 Days,,,"The umask value for root was found to be unsafe. The umask value determines the file permission for newly created files. It specifies the permissions which should not be given by default to the newly created file. Although the default value of umask in most unix systems is 022, it is a common practice to set it to 077 to be safe.",unix-umask-unsafe,The umask value was found to be 0022 but was expected to be 0077,2005-01-15,,,691,4,"Reset umask value


 To ensure complete access control over newly created files, set the umask value to 077 for root and other user accounts for both interactive and non-interactive processes. The umask value for interactive processes is typically set in a shell configuration file such as .login, .cshrc, .profile, .bashrc, .bash_profile, or others. For non-interactive processes, /etc/login.defs is a common location for controlling umask on Linux systems. In both cases, you may need to consult your operating system's documentation for the correct file(s) and settings.",2016-09-15,2016-06-07,Root's umask value is unsafe
10.103.128.10,ip-10-103-128-10.ec2.internal,CentOS Linux,6.8,,System,0,,,100 Days,CVE-1999-0524,http://web.nvd.nist.gov/view/vuln/detail?vulnId=CVE-1999-0524,"The remote host responded to an ICMP timestamp request. The ICMP timestamp response contains the remote host's date and time. This information could theoretically be used against some systems to exploit weak time-based random number generators in other services.

In addition, the versions of some operating systems can be accurately fingerprinted by analyzing their responses to invalid ICMP timestamp requests.",generic-icmp-timestamp,Able to determine remote system time.,1997-08-01,"OSVDB:95,XF:306,XF:322","http://www.osvdb.org/95,http://xforce.iss.net/xforce/xfdb/306,http://xforce.iss.net/xforce/xfdb/322",0.0,1,"* HP-UX
      Disable ICMP timestamp responses on HP/UX

      
      Execute the following command:

       ndd -set /dev/ip ip_respond_to_timestamp_broadcast 0

      The easiest and most effective solution is to configure your firewall to block incoming and outgoing ICMP packets with ICMP types 13 (timestamp request) and 14 (timestamp response).



 * Cisco IOS
      Disable ICMP timestamp responses on Cisco IOS

      
      Use ACLs to block ICMP types 13 and 14. For example:

       deny icmp any any 13

       deny icmp any any 14

      Note that it is generally preferable to use ACLs that block everything by default and then selectively allow certain types of traffic in. For example, block everything and then only allow ICMP unreachable, ICMP echo reply, ICMP time exceeded, and ICMP source quench:

       permit icmp any any unreachable

       permit icmp any any echo-reply

       permit icmp any any time-exceeded

       permit icmp any any source-quench

      The easiest and most effective solution is to configure your firewall to block incoming and outgoing ICMP packets with ICMP types 13 (timestamp request) and 14 (timestamp response).



 * SGI Irix
      Disable ICMP timestamp responses on SGI Irix

      
      IRIX does not offer a way to disable ICMP timestamp responses. Therefore, you should block ICMP on the affected host using ipfilterd, and/or block it at any external firewalls.

      The easiest and most effective solution is to configure your firewall to block incoming and outgoing ICMP packets with ICMP types 13 (timestamp request) and 14 (timestamp response).



 * Linux
      Disable ICMP timestamp responses on Linux

      
      Linux offers neither a sysctl nor a /proc/sys/net/ipv4 interface to disable ICMP timestamp responses. Therefore, you should block ICMP on the affected host using iptables, and/or block it at the firewall. For example:

       ipchains -A input -p icmp --icmp-type timestamp-request -j DROP

       ipchains -A output -p icmp --icmp-type timestamp-reply -j DROP

      The easiest and most effective solution is to configure your firewall to block incoming and outgoing ICMP packets with ICMP types 13 (timestamp request) and 14 (timestamp response).



 * Microsoft Windows NT, Microsoft Windows NT Workstation, Microsoft Windows NT Server, Microsoft Windows NT Advanced Server, Microsoft Windows NT Server, Enterprise Edition, Microsoft Windows NT Server, Terminal Server Edition
      Disable ICMP timestamp responses on Windows NT 4

      
      Windows NT 4 does not provide a way to block ICMP packets. Therefore, you should block them at the firewall.

      The easiest and most effective solution is to configure your firewall to block incoming and outgoing ICMP packets with ICMP types 13 (timestamp request) and 14 (timestamp response).



 * OpenBSD
      Disable ICMP timestamp responses on OpenBSD

      
      Set the ""net.inet.icmp.tstamprepl"" sysctl variable to 0.

       sysctl -w net.inet.icmp.tstamprepl=0

      The easiest and most effective solution is to configure your firewall to block incoming and outgoing ICMP packets with ICMP types 13 (timestamp request) and 14 (timestamp response).



 * Cisco PIX
      Disable ICMP timestamp responses on Cisco PIX

      
      A properly configured PIX firewall should never respond to ICMP packets on its external interface. In PIX Software versions 4.1(6) until 5.2.1, ICMP traffic to the PIX's internal interface is permitted; the PIX cannot be configured to NOT respond. Beginning in PIX Software version 5.2.1, ICMP is still permitted on the internal interface by default, but ICMP responses from its internal interfaces can be disabled with the icmp command, as follows, where <inside> is the name of the internal interface:

       icmp deny any 13 <inside>

       icmp deny any 14 <inside>

      Don't forget to save the configuration when you are finished.

      See Cisco's support document  Handling ICMP Pings with the PIX Firewall (http://www.cisco.com/warp/public/110/31.html)  for more information.

      The easiest and most effective solution is to configure your firewall to block incoming and outgoing ICMP packets with ICMP types 13 (timestamp request) and 14 (timestamp response).



 * Sun Solaris
      Disable ICMP timestamp responses on Solaris

      
      Execute the following commands:

       /usr/sbin/ndd -set /dev/ip ip_respond_to_timestamp 0

       /usr/sbin/ndd -set /dev/ip ip_respond_to_timestamp_broadcast 0

      The easiest and most effective solution is to configure your firewall to block incoming and outgoing ICMP packets with ICMP types 13 (timestamp request) and 14 (timestamp response).



 * Microsoft Windows 2000, Microsoft Windows 2000 Professional, Microsoft Windows 2000 Server, Microsoft Windows 2000 Advanced Server, Microsoft Windows 2000 Datacenter Server
      Disable ICMP timestamp responses on Windows 2000

      
      Use the IPSec filter feature to define and apply an IP filter list that blocks ICMP types 13 and 14. Note that the standard TCP/IP blocking capability under the ""Networking and Dialup Connections"" control panel is NOT capable of blocking ICMP (only TCP and UDP). The IPSec filter features, while they may seem strictly related to the IPSec standards, will allow you to selectively block these ICMP packets. See  http://support.microsoft.com/kb/313190  for more information.

      The easiest and most effective solution is to configure your firewall to block incoming and outgoing ICMP packets with ICMP types 13 (timestamp request) and 14 (timestamp response).



 * Microsoft Windows XP, Microsoft Windows XP Home, Microsoft Windows XP Professional, Microsoft Windows Server 2003, Microsoft Windows Server 2003, Standard Edition, Microsoft Windows Server 2003, Enterprise Edition, Microsoft Windows Server 2003, Datacenter Edition, Microsoft Windows Server 2003, Web Edition, Microsoft Windows Small Business Server 2003
      Disable ICMP timestamp responses on Windows XP/2K3

      
      ICMP timestamp responses can be disabled by deselecting the ""allow incoming timestamp request"" option in the ICMP configuration panel of Windows Firewall.

    * Go to the Network Connections control panel.

    * Right click on the network adapter and select ""properties"", or select the internet adapter and select File->Properties.

    * Select the ""Advanced"" tab.

    * In the Windows Firewall box, select ""Settings"".

    * Select the ""General"" tab.

    * Enable the firewall by selecting the ""on (recommended)"" option.

    * Select the ""Advanced"" tab.

    * In the ICMP box, select ""Settings"".

    * Deselect (uncheck) the ""Allow incoming timestamp request"" option.

    * Select ""OK"" to exit the ICMP Settings dialog and save the settings.

    * Select ""OK"" to exit the Windows Firewall dialog and save the settings.

    * Select ""OK"" to exit the internet adapter dialog.

      For more information, see:  http://www.microsoft.com/resources/documentation/windows/xp/all/proddocs/en-us/hnw_understanding_firewall.mspx?mfr=true 



 * Microsoft Windows Vista, Microsoft Windows Vista Home, Basic Edition, Microsoft Windows Vista Home, Basic N Edition, Microsoft Windows Vista Home, Premium Edition, Microsoft Windows Vista Ultimate Edition, Microsoft Windows Vista Enterprise Edition, Microsoft Windows Vista Business Edition, Microsoft Windows Vista Business N Edition, Microsoft Windows Vista Starter Edition, Microsoft Windows Server 2008, Microsoft Windows Server 2008 Standard Edition, Microsoft Windows Server 2008 Enterprise Edition, Microsoft Windows Server 2008 Datacenter Edition, Microsoft Windows Server 2008 HPC Edition, Microsoft Windows Server 2008 Web Edition, Microsoft Windows Server 2008 Storage Edition, Microsoft Windows Small Business Server 2008, Microsoft Windows Essential Business Server 2008
      Disable ICMP timestamp responses on Windows Vista/2008

      
      ICMP timestamp responses can be disabled via the netsh command line utility.

    * Go to the Windows Control Panel.

    * Select ""Windows Firewall"".

    * In the Windows Firewall box, select ""Change Settings"".

    * Enable the firewall by selecting the ""on (recommended)"" option.

    * Open a Command Prompt.

    * Enter ""netsh firewall set icmpsetting 13 disable""

      For more information, see:  http://www.microsoft.com/resources/documentation/windows/xp/all/proddocs/en-us/hnw_understanding_firewall.mspx?mfr=true 



 * Disable ICMP timestamp responses
      
      Disable ICMP timestamp replies for the device. If the device does not support this level of configuration, the easiest and most effective solution is to configure your firewall to block incoming and outgoing ICMP packets with ICMP types 13 (timestamp request) and 14 (timestamp response).",2016-09-15,2016-06-07,ICMP timestamp response
10.103.128.10,ip-10-103-128-10.ec2.internal,CentOS Linux,6.8,,System,0,,,100 Days,,,"The remote host responded with a UDP packet whose IP ID was zero. Normally the IP ID should be set to a unique value and is used in the reconstruction of fragmented packets. Generally this behavior is only seen with systems derived from a Linux kernel, which may allow an attacker to fingerprint the target's operating system.",udp-ipid-zero,"Received UDP packet with IP ID of zero:
 * 
      IPv4 SRC[10.103.128.10] TGT[10.103.65.26] TOS[192] TTL[64] Flags[40] Proto[17] ID[0] FragOff[0] HDR-LENGTH[20] TOTAL-LENGTH[76] CKSUM[25583] UDP SRC-PORT[123] TGT-PORT[29318] CKSUM[3540] RAW DATA [48]: 1A030AEA00000B3E000013740A67C00A ...�...>...t.g�. DB857A9FFDB9C3A6C6F15EDB78000000 ��z�������^�x... DB858147FC827E95DB858147FC84B419 ���G��~����G���.",2002-08-12,,,0.0,1,"Perform firewalling or filtering

 Many vendors do not consider this to be a vulnerability, or a vulnerability worth fixing, so there are no vendor-provided solutions aside from putting a firewall or other filtering device between the target and hostile attackers that is capable of randomizing IP IDs.",2016-09-15,2016-06-07,UDP IP ID Zero
10.103.128.10,ip-10-103-128-10.ec2.internal,CentOS Linux,6.8,,System,0,,,0 Days,,,"Unspecified vulnerability in Oracle Java SE 6u115, 7u101, and 8u92; and Java SE Embedded 8u91 allows remote attackers to affect integrity via vectors related to CORBA.",centos_linux-cve-2016-3458,"Vulnerable OS: CentOS Linux 6.8



 * 
      java-1.6.0-openjdk - version 1:1.6.0.39-1.13.11.1.el6_8 is installed",2016-07-21,"BID:91787,NVD:CVE-2016-3458,UBUNTU:USN-3043-1,UBUNTU:USN-3062-1,UBUNTU:USN-3077-1","http://www.securityfocus.com/bid/91787,http://web.nvd.nist.gov/view/vuln/detail?vulnId=CVE-2016-3458,http://www.ubuntu.com/usn/USN-3043-1/,http://www.ubuntu.com/usn/USN-3062-1/,http://www.ubuntu.com/usn/USN-3077-1/",82.2,4,"* CentOS Linux (?:5(?:.)*) (x86)
      Upgrade java-1.6.0-openjdk

      
      Update java-1.6.0-openjdk to the latest version available from CentOS, using tools like yum or up2date.



 * CentOS Linux (?:5(?:.)*) (x86)
      Upgrade java-1.6.0-openjdk-demo

      
      Update java-1.6.0-openjdk-demo to the latest version available from CentOS, using tools like yum or up2date.



 * CentOS Linux (?:5(?:.)*) (x86)
      Upgrade java-1.6.0-openjdk-devel

      
      Update java-1.6.0-openjdk-devel to the latest version available from CentOS, using tools like yum or up2date.



 * CentOS Linux (?:5(?:.)*) (x86)
      Upgrade java-1.6.0-openjdk-javadoc

      
      Update java-1.6.0-openjdk-javadoc to the latest version available from CentOS, using tools like yum or up2date.



 * CentOS Linux (?:5(?:.)*) (x86)
      Upgrade java-1.6.0-openjdk-src

      
      Update java-1.6.0-openjdk-src to the latest version available from CentOS, using tools like yum or up2date.



 * CentOS Linux (?:5(?:.)*) (x86)
      Upgrade java-1.7.0-openjdk

      
      Update java-1.7.0-openjdk to the latest version available from CentOS, using tools like yum or up2date.



 * CentOS Linux (?:5(?:.)*) (x86)
      Upgrade java-1.7.0-openjdk-demo

      
      Update java-1.7.0-openjdk-demo to the latest version available from CentOS, using tools like yum or up2date.



 * CentOS Linux (?:5(?:.)*) (x86)
      Upgrade java-1.7.0-openjdk-devel

      
      Update java-1.7.0-openjdk-devel to the latest version available from CentOS, using tools like yum or up2date.



 * CentOS Linux (?:5(?:.)*) (x86)
      Upgrade java-1.7.0-openjdk-javadoc

      
      Update java-1.7.0-openjdk-javadoc to the latest version available from CentOS, using tools like yum or up2date.



 * CentOS Linux (?:5(?:.)*) (x86)
      Upgrade java-1.7.0-openjdk-src

      
      Update java-1.7.0-openjdk-src to the latest version available from CentOS, using tools like yum or up2date.



 * CentOS Linux (?:5(?:.)*) (x86_64)
      Upgrade java-1.6.0-openjdk

      
      Update java-1.6.0-openjdk to the latest version available from CentOS, using tools like yum or up2date.



 * CentOS Linux (?:5(?:.)*) (x86_64)
      Upgrade java-1.6.0-openjdk-demo

      
      Update java-1.6.0-openjdk-demo to the latest version available from CentOS, using tools like yum or up2date.



 * CentOS Linux (?:5(?:.)*) (x86_64)
      Upgrade java-1.6.0-openjdk-devel

      
      Update java-1.6.0-openjdk-devel to the latest version available from CentOS, using tools like yum or up2date.



 * CentOS Linux (?:5(?:.)*) (x86_64)
      Upgrade java-1.6.0-openjdk-javadoc

      
      Update java-1.6.0-openjdk-javadoc to the latest version available from CentOS, using tools like yum or up2date.



 * CentOS Linux (?:5(?:.)*) (x86_64)
      Upgrade java-1.6.0-openjdk-src

      
      Update java-1.6.0-openjdk-src to the latest version available from CentOS, using tools like yum or up2date.



 * CentOS Linux (?:5(?:.)*) (x86_64)
      Upgrade java-1.7.0-openjdk

      
      Update java-1.7.0-openjdk to the latest version available from CentOS, using tools like yum or up2date.



 * CentOS Linux (?:5(?:.)*) (x86_64)
      Upgrade java-1.7.0-openjdk-demo

      
      Update java-1.7.0-openjdk-demo to the latest version available from CentOS, using tools like yum or up2date.



 * CentOS Linux (?:5(?:.)*) (x86_64)
      Upgrade java-1.7.0-openjdk-devel

      
      Update java-1.7.0-openjdk-devel to the latest version available from CentOS, using tools like yum or up2date.



 * CentOS Linux (?:5(?:.)*) (x86_64)
      Upgrade java-1.7.0-openjdk-javadoc

      
      Update java-1.7.0-openjdk-javadoc to the latest version available from CentOS, using tools like yum or up2date.



 * CentOS Linux (?:5(?:.)*) (x86_64)
      Upgrade java-1.7.0-openjdk-src

      
      Update java-1.7.0-openjdk-src to the latest version available from CentOS, using tools like yum or up2date.



 * CentOS Linux (?:6(?:.)*) (x86)
      Upgrade java-1.6.0-openjdk

      
      Update java-1.6.0-openjdk to the latest version available from CentOS, using tools like yum or up2date.



 * CentOS Linux (?:6(?:.)*) (x86)
      Upgrade java-1.6.0-openjdk-demo

      
      Update java-1.6.0-openjdk-demo to the latest version available from CentOS, using tools like yum or up2date.



 * CentOS Linux (?:6(?:.)*) (x86)
      Upgrade java-1.6.0-openjdk-devel

      
      Update java-1.6.0-openjdk-devel to the latest version available from CentOS, using tools like yum or up2date.



 * CentOS Linux (?:6(?:.)*) (x86)
      Upgrade java-1.6.0-openjdk-javadoc

      
      Update java-1.6.0-openjdk-javadoc to the latest version available from CentOS, using tools like yum or up2date.



 * CentOS Linux (?:6(?:.)*) (x86)
      Upgrade java-1.6.0-openjdk-src

      
      Update java-1.6.0-openjdk-src to the latest version available from CentOS, using tools like yum or up2date.



 * CentOS Linux (?:6(?:.)*) (x86)
      Upgrade java-1.7.0-openjdk

      
      Update java-1.7.0-openjdk to the latest version available from CentOS, using tools like yum or up2date.



 * CentOS Linux (?:6(?:.)*) (x86)
      Upgrade java-1.7.0-openjdk-demo

      
      Update java-1.7.0-openjdk-demo to the latest version available from CentOS, using tools like yum or up2date.



 * CentOS Linux (?:6(?:.)*) (x86)
      Upgrade java-1.7.0-openjdk-devel

      
      Update java-1.7.0-openjdk-devel to the latest version available from CentOS, using tools like yum or up2date.



 * CentOS Linux (?:6(?:.)*) (x86)
      Upgrade java-1.7.0-openjdk-javadoc

      
      Update java-1.7.0-openjdk-javadoc to the latest version available from CentOS, using tools like yum or up2date.



 * CentOS Linux (?:6(?:.)*) (x86)
      Upgrade java-1.7.0-openjdk-src

      
      Update java-1.7.0-openjdk-src to the latest version available from CentOS, using tools like yum or up2date.



 * CentOS Linux (?:6(?:.)*) (x86)
      Upgrade java-1.8.0-openjdk

      
      Update java-1.8.0-openjdk to the latest version available from CentOS, using tools like yum or up2date.



 * CentOS Linux (?:6(?:.)*) (x86)
      Upgrade java-1.8.0-openjdk-debug

      
      Update java-1.8.0-openjdk-debug to the latest version available from CentOS, using tools like yum or up2date.



 * CentOS Linux (?:6(?:.)*) (x86)
      Upgrade java-1.8.0-openjdk-demo

      
      Update java-1.8.0-openjdk-demo to the latest version available from CentOS, using tools like yum or up2date.



 * CentOS Linux (?:6(?:.)*) (x86)
      Upgrade java-1.8.0-openjdk-demo-debug

      
      Update java-1.8.0-openjdk-demo-debug to the latest version available from CentOS, using tools like yum or up2date.



 * CentOS Linux (?:6(?:.)*) (x86)
      Upgrade java-1.8.0-openjdk-devel

      
      Update java-1.8.0-openjdk-devel to the latest version available from CentOS, using tools like yum or up2date.



 * CentOS Linux (?:6(?:.)*) (x86)
      Upgrade java-1.8.0-openjdk-devel-debug

      
      Update java-1.8.0-openjdk-devel-debug to the latest version available from CentOS, using tools like yum or up2date.



 * CentOS Linux (?:6(?:.)*) (x86)
      Upgrade java-1.8.0-openjdk-headless

      
      Update java-1.8.0-openjdk-headless to the latest version available from CentOS, using tools like yum or up2date.



 * CentOS Linux (?:6(?:.)*) (x86)
      Upgrade java-1.8.0-openjdk-headless-debug

      
      Update java-1.8.0-openjdk-headless-debug to the latest version available from CentOS, using tools like yum or up2date.



 * CentOS Linux (?:6(?:.)*) (x86)
      Upgrade java-1.8.0-openjdk-javadoc

      
      Update java-1.8.0-openjdk-javadoc to the latest version available from CentOS, using tools like yum or up2date.



 * CentOS Linux (?:6(?:.)*) (x86)
      Upgrade java-1.8.0-openjdk-javadoc-debug

      
      Update java-1.8.0-openjdk-javadoc-debug to the latest version available from CentOS, using tools like yum or up2date.



 * CentOS Linux (?:6(?:.)*) (x86)
      Upgrade java-1.8.0-openjdk-src

      
      Update java-1.8.0-openjdk-src to the latest version available from CentOS, using tools like yum or up2date.



 * CentOS Linux (?:6(?:.)*) (x86)
      Upgrade java-1.8.0-openjdk-src-debug

      
      Update java-1.8.0-openjdk-src-debug to the latest version available from CentOS, using tools like yum or up2date.



 * CentOS Linux (?:6(?:.)*) (x86_64)
      Upgrade java-1.6.0-openjdk

      
      Update java-1.6.0-openjdk to the latest version available from CentOS, using tools like yum or up2date.



 * CentOS Linux (?:6(?:.)*) (x86_64)
      Upgrade java-1.6.0-openjdk-demo

      
      Update java-1.6.0-openjdk-demo to the latest version available from CentOS, using tools like yum or up2date.



 * CentOS Linux (?:6(?:.)*) (x86_64)
      Upgrade java-1.6.0-openjdk-devel

      
      Update java-1.6.0-openjdk-devel to the latest version available from CentOS, using tools like yum or up2date.



 * CentOS Linux (?:6(?:.)*) (x86_64)
      Upgrade java-1.6.0-openjdk-javadoc

      
      Update java-1.6.0-openjdk-javadoc to the latest version available from CentOS, using tools like yum or up2date.



 * CentOS Linux (?:6(?:.)*) (x86_64)
      Upgrade java-1.6.0-openjdk-src

      
      Update java-1.6.0-openjdk-src to the latest version available from CentOS, using tools like yum or up2date.



 * CentOS Linux (?:6(?:.)*) (x86_64)
      Upgrade java-1.7.0-openjdk

      
      Update java-1.7.0-openjdk to the latest version available from CentOS, using tools like yum or up2date.



 * CentOS Linux (?:6(?:.)*) (x86_64)
      Upgrade java-1.7.0-openjdk-demo

      
      Update java-1.7.0-openjdk-demo to the latest version available from CentOS, using tools like yum or up2date.



 * CentOS Linux (?:6(?:.)*) (x86_64)
      Upgrade java-1.7.0-openjdk-devel

      
      Update java-1.7.0-openjdk-devel to the latest version available from CentOS, using tools like yum or up2date.



 * CentOS Linux (?:6(?:.)*) (x86_64)
      Upgrade java-1.7.0-openjdk-javadoc

      
      Update java-1.7.0-openjdk-javadoc to the latest version available from CentOS, using tools like yum or up2date.



 * CentOS Linux (?:6(?:.)*) (x86_64)
      Upgrade java-1.7.0-openjdk-src

      
      Update java-1.7.0-openjdk-src to the latest version available from CentOS, using tools like yum or up2date.



 * CentOS Linux (?:6(?:.)*) (x86_64)
      Upgrade java-1.8.0-openjdk

      
      Update java-1.8.0-openjdk to the latest version available from CentOS, using tools like yum or up2date.



 * CentOS Linux (?:6(?:.)*) (x86_64)
      Upgrade java-1.8.0-openjdk-debug

      
      Update java-1.8.0-openjdk-debug to the latest version available from CentOS, using tools like yum or up2date.



 * CentOS Linux (?:6(?:.)*) (x86_64)
      Upgrade java-1.8.0-openjdk-demo

      
      Update java-1.8.0-openjdk-demo to the latest version available from CentOS, using tools like yum or up2date.



 * CentOS Linux (?:6(?:.)*) (x86_64)
      Upgrade java-1.8.0-openjdk-demo-debug

      
      Update java-1.8.0-openjdk-demo-debug to the latest version available from CentOS, using tools like yum or up2date.



 * CentOS Linux (?:6(?:.)*) (x86_64)
      Upgrade java-1.8.0-openjdk-devel

      
      Update java-1.8.0-openjdk-devel to the latest version available from CentOS, using tools like yum or up2date.



 * CentOS Linux (?:6(?:.)*) (x86_64)
      Upgrade java-1.8.0-openjdk-devel-debug

      
      Update java-1.8.0-openjdk-devel-debug to the latest version available from CentOS, using tools like yum or up2date.



 * CentOS Linux (?:6(?:.)*) (x86_64)
      Upgrade java-1.8.0-openjdk-headless

      
      Update java-1.8.0-openjdk-headless to the latest version available from CentOS, using tools like yum or up2date.



 * CentOS Linux (?:6(?:.)*) (x86_64)
      Upgrade java-1.8.0-openjdk-headless-debug

      
      Update java-1.8.0-openjdk-headless-debug to the latest version available from CentOS, using tools like yum or up2date.



 * CentOS Linux (?:6(?:.)*) (x86_64)
      Upgrade java-1.8.0-openjdk-javadoc

      
      Update java-1.8.0-openjdk-javadoc to the latest version available from CentOS, using tools like yum or up2date.



 * CentOS Linux (?:6(?:.)*) (x86_64)
      Upgrade java-1.8.0-openjdk-javadoc-debug

      
      Update java-1.8.0-openjdk-javadoc-debug to the latest version available from CentOS, using tools like yum or up2date.



 * CentOS Linux (?:6(?:.)*) (x86_64)
      Upgrade java-1.8.0-openjdk-src

      
      Update java-1.8.0-openjdk-src to the latest version available from CentOS, using tools like yum or up2date.



 * CentOS Linux (?:6(?:.)*) (x86_64)
      Upgrade java-1.8.0-openjdk-src-debug

      
      Update java-1.8.0-openjdk-src-debug to the latest version available from CentOS, using tools like yum or up2date.



 * CentOS Linux (?:7(?:.)*) (x86_64)
      Upgrade java-1.6.0-openjdk

      
      Update java-1.6.0-openjdk to the latest version available from CentOS, using tools like yum or up2date.



 * CentOS Linux (?:7(?:.)*) (x86_64)
      Upgrade java-1.6.0-openjdk-demo

      
      Update java-1.6.0-openjdk-demo to the latest version available from CentOS, using tools like yum or up2date.



 * CentOS Linux (?:7(?:.)*) (x86_64)
      Upgrade java-1.6.0-openjdk-devel

      
      Update java-1.6.0-openjdk-devel to the latest version available from CentOS, using tools like yum or up2date.



 * CentOS Linux (?:7(?:.)*) (x86_64)
      Upgrade java-1.6.0-openjdk-javadoc

      
      Update java-1.6.0-openjdk-javadoc to the latest version available from CentOS, using tools like yum or up2date.



 * CentOS Linux (?:7(?:.)*) (x86_64)
      Upgrade java-1.6.0-openjdk-src

      
      Update java-1.6.0-openjdk-src to the latest version available from CentOS, using tools like yum or up2date.



 * CentOS Linux (?:7(?:.)*) (x86_64)
      Upgrade java-1.7.0-openjdk

      
      Update java-1.7.0-openjdk to the latest version available from CentOS, using tools like yum or up2date.



 * CentOS Linux (?:7(?:.)*) (x86_64)
      Upgrade java-1.7.0-openjdk-accessibility

      
      Update java-1.7.0-openjdk-accessibility to the latest version available from CentOS, using tools like yum or up2date.



 * CentOS Linux (?:7(?:.)*) (x86_64)
      Upgrade java-1.7.0-openjdk-demo

      
      Update java-1.7.0-openjdk-demo to the latest version available from CentOS, using tools like yum or up2date.



 * CentOS Linux (?:7(?:.)*) (x86_64)
      Upgrade java-1.7.0-openjdk-devel

      
      Update java-1.7.0-openjdk-devel to the latest version available from CentOS, using tools like yum or up2date.



 * CentOS Linux (?:7(?:.)*) (x86_64)
      Upgrade java-1.7.0-openjdk-headless

      
      Update java-1.7.0-openjdk-headless to the latest version available from CentOS, using tools like yum or up2date.



 * CentOS Linux (?:7(?:.)*) (x86_64)
      Upgrade java-1.7.0-openjdk-javadoc

      
      Update java-1.7.0-openjdk-javadoc to the latest version available from CentOS, using tools like yum or up2date.



 * CentOS Linux (?:7(?:.)*) (x86_64)
      Upgrade java-1.7.0-openjdk-src

      
      Update java-1.7.0-openjdk-src to the latest version available from CentOS, using tools like yum or up2date.



 * CentOS Linux (?:7(?:.)*) (x86_64)
      Upgrade java-1.8.0-openjdk

      
      Update java-1.8.0-openjdk to the latest version available from CentOS, using tools like yum or up2date.



 * CentOS Linux (?:7(?:.)*) (x86_64)
      Upgrade java-1.8.0-openjdk-accessibility

      
      Update java-1.8.0-openjdk-accessibility to the latest version available from CentOS, using tools like yum or up2date.



 * CentOS Linux (?:7(?:.)*) (x86_64)
      Upgrade java-1.8.0-openjdk-accessibility-debug

      
      Update java-1.8.0-openjdk-accessibility-debug to the latest version available from CentOS, using tools like yum or up2date.



 * CentOS Linux (?:7(?:.)*) (x86",2016-09-15,2016-09-15,Cent OS: CVE-2016-3458: CESA-2016:1776 (java-1.6.0-openjdk)
10.103.128.10,ip-10-103-128-10.ec2.internal,CentOS Linux,6.8,,System,0,,,0 Days,,,"Unspecified vulnerability in Oracle Java SE 7u101 and 8u92 and Java SE Embedded 8u91 allows remote attackers to affect confidentiality, integrity, and availability via vectors related to Hotspot.",centos_linux-cve-2016-3606,"Vulnerable OS: CentOS Linux 6.8



 * 
      java-1.6.0-openjdk - version 1:1.6.0.39-1.13.11.1.el6_8 is installed",2016-07-21,"BID:91787,NVD:CVE-2016-3606,UBUNTU:USN-3043-1,UBUNTU:USN-3062-1,UBUNTU:USN-3077-1","http://www.securityfocus.com/bid/91787,http://web.nvd.nist.gov/view/vuln/detail?vulnId=CVE-2016-3606,http://www.ubuntu.com/usn/USN-3043-1/,http://www.ubuntu.com/usn/USN-3062-1/,http://www.ubuntu.com/usn/USN-3077-1/",302,9,"* CentOS Linux (?:5(?:.)*) (x86)
      Upgrade java-1.6.0-openjdk

      
      Update java-1.6.0-openjdk to the latest version available from CentOS, using tools like yum or up2date.



 * CentOS Linux (?:5(?:.)*) (x86)
      Upgrade java-1.6.0-openjdk-demo

      
      Update java-1.6.0-openjdk-demo to the latest version available from CentOS, using tools like yum or up2date.



 * CentOS Linux (?:5(?:.)*) (x86)
      Upgrade java-1.6.0-openjdk-devel

      
      Update java-1.6.0-openjdk-devel to the latest version available from CentOS, using tools like yum or up2date.



 * CentOS Linux (?:5(?:.)*) (x86)
      Upgrade java-1.6.0-openjdk-javadoc

      
      Update java-1.6.0-openjdk-javadoc to the latest version available from CentOS, using tools like yum or up2date.



 * CentOS Linux (?:5(?:.)*) (x86)
      Upgrade java-1.6.0-openjdk-src

      
      Update java-1.6.0-openjdk-src to the latest version available from CentOS, using tools like yum or up2date.



 * CentOS Linux (?:5(?:.)*) (x86)
      Upgrade java-1.7.0-openjdk

      
      Update java-1.7.0-openjdk to the latest version available from CentOS, using tools like yum or up2date.



 * CentOS Linux (?:5(?:.)*) (x86)
      Upgrade java-1.7.0-openjdk-demo

      
      Update java-1.7.0-openjdk-demo to the latest version available from CentOS, using tools like yum or up2date.



 * CentOS Linux (?:5(?:.)*) (x86)
      Upgrade java-1.7.0-openjdk-devel

      
      Update java-1.7.0-openjdk-devel to the latest version available from CentOS, using tools like yum or up2date.



 * CentOS Linux (?:5(?:.)*) (x86)
      Upgrade java-1.7.0-openjdk-javadoc

      
      Update java-1.7.0-openjdk-javadoc to the latest version available from CentOS, using tools like yum or up2date.



 * CentOS Linux (?:5(?:.)*) (x86)
      Upgrade java-1.7.0-openjdk-src

      
      Update java-1.7.0-openjdk-src to the latest version available from CentOS, using tools like yum or up2date.



 * CentOS Linux (?:5(?:.)*) (x86_64)
      Upgrade java-1.6.0-openjdk

      
      Update java-1.6.0-openjdk to the latest version available from CentOS, using tools like yum or up2date.



 * CentOS Linux (?:5(?:.)*) (x86_64)
      Upgrade java-1.6.0-openjdk-demo

      
      Update java-1.6.0-openjdk-demo to the latest version available from CentOS, using tools like yum or up2date.



 * CentOS Linux (?:5(?:.)*) (x86_64)
      Upgrade java-1.6.0-openjdk-devel

      
      Update java-1.6.0-openjdk-devel to the latest version available from CentOS, using tools like yum or up2date.



 * CentOS Linux (?:5(?:.)*) (x86_64)
      Upgrade java-1.6.0-openjdk-javadoc

      
      Update java-1.6.0-openjdk-javadoc to the latest version available from CentOS, using tools like yum or up2date.



 * CentOS Linux (?:5(?:.)*) (x86_64)
      Upgrade java-1.6.0-openjdk-src

      
      Update java-1.6.0-openjdk-src to the latest version available from CentOS, using tools like yum or up2date.



 * CentOS Linux (?:5(?:.)*) (x86_64)
      Upgrade java-1.7.0-openjdk

      
      Update java-1.7.0-openjdk to the latest version available from CentOS, using tools like yum or up2date.



 * CentOS Linux (?:5(?:.)*) (x86_64)
      Upgrade java-1.7.0-openjdk-demo

      
      Update java-1.7.0-openjdk-demo to the latest version available from CentOS, using tools like yum or up2date.



 * CentOS Linux (?:5(?:.)*) (x86_64)
      Upgrade java-1.7.0-openjdk-devel

      
      Update java-1.7.0-openjdk-devel to the latest version available from CentOS, using tools like yum or up2date.



 * CentOS Linux (?:5(?:.)*) (x86_64)
      Upgrade java-1.7.0-openjdk-javadoc

      
      Update java-1.7.0-openjdk-javadoc to the latest version available from CentOS, using tools like yum or up2date.



 * CentOS Linux (?:5(?:.)*) (x86_64)
      Upgrade java-1.7.0-openjdk-src

      
      Update java-1.7.0-openjdk-src to the latest version available from CentOS, using tools like yum or up2date.



 * CentOS Linux (?:6(?:.)*) (x86)
      Upgrade java-1.6.0-openjdk

      
      Update java-1.6.0-openjdk to the latest version available from CentOS, using tools like yum or up2date.



 * CentOS Linux (?:6(?:.)*) (x86)
      Upgrade java-1.6.0-openjdk-demo

      
      Update java-1.6.0-openjdk-demo to the latest version available from CentOS, using tools like yum or up2date.



 * CentOS Linux (?:6(?:.)*) (x86)
      Upgrade java-1.6.0-openjdk-devel

      
      Update java-1.6.0-openjdk-devel to the latest version available from CentOS, using tools like yum or up2date.



 * CentOS Linux (?:6(?:.)*) (x86)
      Upgrade java-1.6.0-openjdk-javadoc

      
      Update java-1.6.0-openjdk-javadoc to the latest version available from CentOS, using tools like yum or up2date.



 * CentOS Linux (?:6(?:.)*) (x86)
      Upgrade java-1.6.0-openjdk-src

      
      Update java-1.6.0-openjdk-src to the latest version available from CentOS, using tools like yum or up2date.



 * CentOS Linux (?:6(?:.)*) (x86)
      Upgrade java-1.7.0-openjdk

      
      Update java-1.7.0-openjdk to the latest version available from CentOS, using tools like yum or up2date.



 * CentOS Linux (?:6(?:.)*) (x86)
      Upgrade java-1.7.0-openjdk-demo

      
      Update java-1.7.0-openjdk-demo to the latest version available from CentOS, using tools like yum or up2date.



 * CentOS Linux (?:6(?:.)*) (x86)
      Upgrade java-1.7.0-openjdk-devel

      
      Update java-1.7.0-openjdk-devel to the latest version available from CentOS, using tools like yum or up2date.



 * CentOS Linux (?:6(?:.)*) (x86)
      Upgrade java-1.7.0-openjdk-javadoc

      
      Update java-1.7.0-openjdk-javadoc to the latest version available from CentOS, using tools like yum or up2date.



 * CentOS Linux (?:6(?:.)*) (x86)
      Upgrade java-1.7.0-openjdk-src

      
      Update java-1.7.0-openjdk-src to the latest version available from CentOS, using tools like yum or up2date.



 * CentOS Linux (?:6(?:.)*) (x86)
      Upgrade java-1.8.0-openjdk

      
      Update java-1.8.0-openjdk to the latest version available from CentOS, using tools like yum or up2date.



 * CentOS Linux (?:6(?:.)*) (x86)
      Upgrade java-1.8.0-openjdk-debug

      
      Update java-1.8.0-openjdk-debug to the latest version available from CentOS, using tools like yum or up2date.



 * CentOS Linux (?:6(?:.)*) (x86)
      Upgrade java-1.8.0-openjdk-demo

      
      Update java-1.8.0-openjdk-demo to the latest version available from CentOS, using tools like yum or up2date.



 * CentOS Linux (?:6(?:.)*) (x86)
      Upgrade java-1.8.0-openjdk-demo-debug

      
      Update java-1.8.0-openjdk-demo-debug to the latest version available from CentOS, using tools like yum or up2date.



 * CentOS Linux (?:6(?:.)*) (x86)
      Upgrade java-1.8.0-openjdk-devel

      
      Update java-1.8.0-openjdk-devel to the latest version available from CentOS, using tools like yum or up2date.



 * CentOS Linux (?:6(?:.)*) (x86)
      Upgrade java-1.8.0-openjdk-devel-debug

      
      Update java-1.8.0-openjdk-devel-debug to the latest version available from CentOS, using tools like yum or up2date.



 * CentOS Linux (?:6(?:.)*) (x86)
      Upgrade java-1.8.0-openjdk-headless

      
      Update java-1.8.0-openjdk-headless to the latest version available from CentOS, using tools like yum or up2date.



 * CentOS Linux (?:6(?:.)*) (x86)
      Upgrade java-1.8.0-openjdk-headless-debug

      
      Update java-1.8.0-openjdk-headless-debug to the latest version available from CentOS, using tools like yum or up2date.



 * CentOS Linux (?:6(?:.)*) (x86)
      Upgrade java-1.8.0-openjdk-javadoc

      
      Update java-1.8.0-openjdk-javadoc to the latest version available from CentOS, using tools like yum or up2date.



 * CentOS Linux (?:6(?:.)*) (x86)
      Upgrade java-1.8.0-openjdk-javadoc-debug

      
      Update java-1.8.0-openjdk-javadoc-debug to the latest version available from CentOS, using tools like yum or up2date.



 * CentOS Linux (?:6(?:.)*) (x86)
      Upgrade java-1.8.0-openjdk-src

      
      Update java-1.8.0-openjdk-src to the latest version available from CentOS, using tools like yum or up2date.



 * CentOS Linux (?:6(?:.)*) (x86)
      Upgrade java-1.8.0-openjdk-src-debug

      
      Update java-1.8.0-openjdk-src-debug to the latest version available from CentOS, using tools like yum or up2date.



 * CentOS Linux (?:6(?:.)*) (x86_64)
      Upgrade java-1.6.0-openjdk

      
      Update java-1.6.0-openjdk to the latest version available from CentOS, using tools like yum or up2date.



 * CentOS Linux (?:6(?:.)*) (x86_64)
      Upgrade java-1.6.0-openjdk-demo

      
      Update java-1.6.0-openjdk-demo to the latest version available from CentOS, using tools like yum or up2date.



 * CentOS Linux (?:6(?:.)*) (x86_64)
      Upgrade java-1.6.0-openjdk-devel

      
      Update java-1.6.0-openjdk-devel to the latest version available from CentOS, using tools like yum or up2date.



 * CentOS Linux (?:6(?:.)*) (x86_64)
      Upgrade java-1.6.0-openjdk-javadoc

      
      Update java-1.6.0-openjdk-javadoc to the latest version available from CentOS, using tools like yum or up2date.



 * CentOS Linux (?:6(?:.)*) (x86_64)
      Upgrade java-1.6.0-openjdk-src

      
      Update java-1.6.0-openjdk-src to the latest version available from CentOS, using tools like yum or up2date.



 * CentOS Linux (?:6(?:.)*) (x86_64)
      Upgrade java-1.7.0-openjdk

      
      Update java-1.7.0-openjdk to the latest version available from CentOS, using tools like yum or up2date.



 * CentOS Linux (?:6(?:.)*) (x86_64)
      Upgrade java-1.7.0-openjdk-demo

      
      Update java-1.7.0-openjdk-demo to the latest version available from CentOS, using tools like yum or up2date.



 * CentOS Linux (?:6(?:.)*) (x86_64)
      Upgrade java-1.7.0-openjdk-devel

      
      Update java-1.7.0-openjdk-devel to the latest version available from CentOS, using tools like yum or up2date.



 * CentOS Linux (?:6(?:.)*) (x86_64)
      Upgrade java-1.7.0-openjdk-javadoc

      
      Update java-1.7.0-openjdk-javadoc to the latest version available from CentOS, using tools like yum or up2date.



 * CentOS Linux (?:6(?:.)*) (x86_64)
      Upgrade java-1.7.0-openjdk-src

      
      Update java-1.7.0-openjdk-src to the latest version available from CentOS, using tools like yum or up2date.



 * CentOS Linux (?:6(?:.)*) (x86_64)
      Upgrade java-1.8.0-openjdk

      
      Update java-1.8.0-openjdk to the latest version available from CentOS, using tools like yum or up2date.



 * CentOS Linux (?:6(?:.)*) (x86_64)
      Upgrade java-1.8.0-openjdk-debug

      
      Update java-1.8.0-openjdk-debug to the latest version available from CentOS, using tools like yum or up2date.



 * CentOS Linux (?:6(?:.)*) (x86_64)
      Upgrade java-1.8.0-openjdk-demo

      
      Update java-1.8.0-openjdk-demo to the latest version available from CentOS, using tools like yum or up2date.



 * CentOS Linux (?:6(?:.)*) (x86_64)
      Upgrade java-1.8.0-openjdk-demo-debug

      
      Update java-1.8.0-openjdk-demo-debug to the latest version available from CentOS, using tools like yum or up2date.



 * CentOS Linux (?:6(?:.)*) (x86_64)
      Upgrade java-1.8.0-openjdk-devel

      
      Update java-1.8.0-openjdk-devel to the latest version available from CentOS, using tools like yum or up2date.



 * CentOS Linux (?:6(?:.)*) (x86_64)
      Upgrade java-1.8.0-openjdk-devel-debug

      
      Update java-1.8.0-openjdk-devel-debug to the latest version available from CentOS, using tools like yum or up2date.



 * CentOS Linux (?:6(?:.)*) (x86_64)
      Upgrade java-1.8.0-openjdk-headless

      
      Update java-1.8.0-openjdk-headless to the latest version available from CentOS, using tools like yum or up2date.



 * CentOS Linux (?:6(?:.)*) (x86_64)
      Upgrade java-1.8.0-openjdk-headless-debug

      
      Update java-1.8.0-openjdk-headless-debug to the latest version available from CentOS, using tools like yum or up2date.



 * CentOS Linux (?:6(?:.)*) (x86_64)
      Upgrade java-1.8.0-openjdk-javadoc

      
      Update java-1.8.0-openjdk-javadoc to the latest version available from CentOS, using tools like yum or up2date.



 * CentOS Linux (?:6(?:.)*) (x86_64)
      Upgrade java-1.8.0-openjdk-javadoc-debug

      
      Update java-1.8.0-openjdk-javadoc-debug to the latest version available from CentOS, using tools like yum or up2date.



 * CentOS Linux (?:6(?:.)*) (x86_64)
      Upgrade java-1.8.0-openjdk-src

      
      Update java-1.8.0-openjdk-src to the latest version available from CentOS, using tools like yum or up2date.



 * CentOS Linux (?:6(?:.)*) (x86_64)
      Upgrade java-1.8.0-openjdk-src-debug

      
      Update java-1.8.0-openjdk-src-debug to the latest version available from CentOS, using tools like yum or up2date.



 * CentOS Linux (?:7(?:.)*) (x86_64)
      Upgrade java-1.6.0-openjdk

      
      Update java-1.6.0-openjdk to the latest version available from CentOS, using tools like yum or up2date.



 * CentOS Linux (?:7(?:.)*) (x86_64)
      Upgrade java-1.6.0-openjdk-demo

      
      Update java-1.6.0-openjdk-demo to the latest version available from CentOS, using tools like yum or up2date.



 * CentOS Linux (?:7(?:.)*) (x86_64)
      Upgrade java-1.6.0-openjdk-devel

      
      Update java-1.6.0-openjdk-devel to the latest version available from CentOS, using tools like yum or up2date.



 * CentOS Linux (?:7(?:.)*) (x86_64)
      Upgrade java-1.6.0-openjdk-javadoc

      
      Update java-1.6.0-openjdk-javadoc to the latest version available from CentOS, using tools like yum or up2date.



 * CentOS Linux (?:7(?:.)*) (x86_64)
      Upgrade java-1.6.0-openjdk-src

      
      Update java-1.6.0-openjdk-src to the latest version available from CentOS, using tools like yum or up2date.



 * CentOS Linux (?:7(?:.)*) (x86_64)
      Upgrade java-1.7.0-openjdk

      
      Update java-1.7.0-openjdk to the latest version available from CentOS, using tools like yum or up2date.



 * CentOS Linux (?:7(?:.)*) (x86_64)
      Upgrade java-1.7.0-openjdk-accessibility

      
      Update java-1.7.0-openjdk-accessibility to the latest version available from CentOS, using tools like yum or up2date.



 * CentOS Linux (?:7(?:.)*) (x86_64)
      Upgrade java-1.7.0-openjdk-demo

      
      Update java-1.7.0-openjdk-demo to the latest version available from CentOS, using tools like yum or up2date.



 * CentOS Linux (?:7(?:.)*) (x86_64)
      Upgrade java-1.7.0-openjdk-devel

      
      Update java-1.7.0-openjdk-devel to the latest version available from CentOS, using tools like yum or up2date.



 * CentOS Linux (?:7(?:.)*) (x86_64)
      Upgrade java-1.7.0-openjdk-headless

      
      Update java-1.7.0-openjdk-headless to the latest version available from CentOS, using tools like yum or up2date.



 * CentOS Linux (?:7(?:.)*) (x86_64)
      Upgrade java-1.7.0-openjdk-javadoc

      
      Update java-1.7.0-openjdk-javadoc to the latest version available from CentOS, using tools like yum or up2date.



 * CentOS Linux (?:7(?:.)*) (x86_64)
      Upgrade java-1.7.0-openjdk-src

      
      Update java-1.7.0-openjdk-src to the latest version available from CentOS, using tools like yum or up2date.



 * CentOS Linux (?:7(?:.)*) (x86_64)
      Upgrade java-1.8.0-openjdk

      
      Update java-1.8.0-openjdk to the latest version available from CentOS, using tools like yum or up2date.



 * CentOS Linux (?:7(?:.)*) (x86_64)
      Upgrade java-1.8.0-openjdk-accessibility

      
      Update java-1.8.0-openjdk-accessibility to the latest version available from CentOS, using tools like yum or up2date.



 * CentOS Linux (?:7(?:.)*) (x86_64)
      Upgrade java-1.8.0-openjdk-accessibility-debug

      
      Update java-1.8.0-openjdk-accessibility-debug to the latest version available from CentOS, using tools like yum or up2date.



 * CentOS Linux (?:7(?:.)*) (x86",2016-09-15,2016-09-15,Cent OS: CVE-2016-3606: CESA-2016:1776 (java-1.6.0-openjdk)
10.103.128.10,ip-10-103-128-10.ec2.internal,CentOS Linux,6.8,,System,0,,,0 Days,,,"Unspecified vulnerability in Oracle Java SE 6u115, 7u101, and 8u92; Java SE Embedded 8u91; and JRockit R28.3.10 allows remote attackers to affect availability via vectors related to JAXP, a different vulnerability than CVE-2016-3508.",centos_linux-cve-2016-3500,"Vulnerable OS: CentOS Linux 6.8



 * 
      java-1.6.0-openjdk - version 1:1.6.0.39-1.13.11.1.el6_8 is installed",2016-07-21,"BID:91787,NVD:CVE-2016-3500,UBUNTU:USN-3043-1,UBUNTU:USN-3062-1,UBUNTU:USN-3077-1","http://www.securityfocus.com/bid/91787,http://web.nvd.nist.gov/view/vuln/detail?vulnId=CVE-2016-3500,http://www.ubuntu.com/usn/USN-3043-1/,http://www.ubuntu.com/usn/USN-3062-1/,http://www.ubuntu.com/usn/USN-3077-1/",141,5,"* CentOS Linux (?:5(?:.)*) (x86)
      Upgrade java-1.6.0-openjdk

      
      Update java-1.6.0-openjdk to the latest version available from CentOS, using tools like yum or up2date.



 * CentOS Linux (?:5(?:.)*) (x86)
      Upgrade java-1.6.0-openjdk-demo

      
      Update java-1.6.0-openjdk-demo to the latest version available from CentOS, using tools like yum or up2date.



 * CentOS Linux (?:5(?:.)*) (x86)
      Upgrade java-1.6.0-openjdk-devel

      
      Update java-1.6.0-openjdk-devel to the latest version available from CentOS, using tools like yum or up2date.



 * CentOS Linux (?:5(?:.)*) (x86)
      Upgrade java-1.6.0-openjdk-javadoc

      
      Update java-1.6.0-openjdk-javadoc to the latest version available from CentOS, using tools like yum or up2date.



 * CentOS Linux (?:5(?:.)*) (x86)
      Upgrade java-1.6.0-openjdk-src

      
      Update java-1.6.0-openjdk-src to the latest version available from CentOS, using tools like yum or up2date.



 * CentOS Linux (?:5(?:.)*) (x86)
      Upgrade java-1.7.0-openjdk

      
      Update java-1.7.0-openjdk to the latest version available from CentOS, using tools like yum or up2date.



 * CentOS Linux (?:5(?:.)*) (x86)
      Upgrade java-1.7.0-openjdk-demo

      
      Update java-1.7.0-openjdk-demo to the latest version available from CentOS, using tools like yum or up2date.



 * CentOS Linux (?:5(?:.)*) (x86)
      Upgrade java-1.7.0-openjdk-devel

      
      Update java-1.7.0-openjdk-devel to the latest version available from CentOS, using tools like yum or up2date.



 * CentOS Linux (?:5(?:.)*) (x86)
      Upgrade java-1.7.0-openjdk-javadoc

      
      Update java-1.7.0-openjdk-javadoc to the latest version available from CentOS, using tools like yum or up2date.



 * CentOS Linux (?:5(?:.)*) (x86)
      Upgrade java-1.7.0-openjdk-src

      
      Update java-1.7.0-openjdk-src to the latest version available from CentOS, using tools like yum or up2date.



 * CentOS Linux (?:5(?:.)*) (x86_64)
      Upgrade java-1.6.0-openjdk

      
      Update java-1.6.0-openjdk to the latest version available from CentOS, using tools like yum or up2date.



 * CentOS Linux (?:5(?:.)*) (x86_64)
      Upgrade java-1.6.0-openjdk-demo

      
      Update java-1.6.0-openjdk-demo to the latest version available from CentOS, using tools like yum or up2date.



 * CentOS Linux (?:5(?:.)*) (x86_64)
      Upgrade java-1.6.0-openjdk-devel

      
      Update java-1.6.0-openjdk-devel to the latest version available from CentOS, using tools like yum or up2date.



 * CentOS Linux (?:5(?:.)*) (x86_64)
      Upgrade java-1.6.0-openjdk-javadoc

      
      Update java-1.6.0-openjdk-javadoc to the latest version available from CentOS, using tools like yum or up2date.



 * CentOS Linux (?:5(?:.)*) (x86_64)
      Upgrade java-1.6.0-openjdk-src

      
      Update java-1.6.0-openjdk-src to the latest version available from CentOS, using tools like yum or up2date.



 * CentOS Linux (?:5(?:.)*) (x86_64)
      Upgrade java-1.7.0-openjdk

      
      Update java-1.7.0-openjdk to the latest version available from CentOS, using tools like yum or up2date.



 * CentOS Linux (?:5(?:.)*) (x86_64)
      Upgrade java-1.7.0-openjdk-demo

      
      Update java-1.7.0-openjdk-demo to the latest version available from CentOS, using tools like yum or up2date.



 * CentOS Linux (?:5(?:.)*) (x86_64)
      Upgrade java-1.7.0-openjdk-devel

      
      Update java-1.7.0-openjdk-devel to the latest version available from CentOS, using tools like yum or up2date.



 * CentOS Linux (?:5(?:.)*) (x86_64)
      Upgrade java-1.7.0-openjdk-javadoc

      
      Update java-1.7.0-openjdk-javadoc to the latest version available from CentOS, using tools like yum or up2date.



 * CentOS Linux (?:5(?:.)*) (x86_64)
      Upgrade java-1.7.0-openjdk-src

      
      Update java-1.7.0-openjdk-src to the latest version available from CentOS, using tools like yum or up2date.



 * CentOS Linux (?:6(?:.)*) (x86)
      Upgrade java-1.6.0-openjdk

      
      Update java-1.6.0-openjdk to the latest version available from CentOS, using tools like yum or up2date.



 * CentOS Linux (?:6(?:.)*) (x86)
      Upgrade java-1.6.0-openjdk-demo

      
      Update java-1.6.0-openjdk-demo to the latest version available from CentOS, using tools like yum or up2date.



 * CentOS Linux (?:6(?:.)*) (x86)
      Upgrade java-1.6.0-openjdk-devel

      
      Update java-1.6.0-openjdk-devel to the latest version available from CentOS, using tools like yum or up2date.



 * CentOS Linux (?:6(?:.)*) (x86)
      Upgrade java-1.6.0-openjdk-javadoc

      
      Update java-1.6.0-openjdk-javadoc to the latest version available from CentOS, using tools like yum or up2date.



 * CentOS Linux (?:6(?:.)*) (x86)
      Upgrade java-1.6.0-openjdk-src

      
      Update java-1.6.0-openjdk-src to the latest version available from CentOS, using tools like yum or up2date.



 * CentOS Linux (?:6(?:.)*) (x86)
      Upgrade java-1.7.0-openjdk

      
      Update java-1.7.0-openjdk to the latest version available from CentOS, using tools like yum or up2date.



 * CentOS Linux (?:6(?:.)*) (x86)
      Upgrade java-1.7.0-openjdk-demo

      
      Update java-1.7.0-openjdk-demo to the latest version available from CentOS, using tools like yum or up2date.



 * CentOS Linux (?:6(?:.)*) (x86)
      Upgrade java-1.7.0-openjdk-devel

      
      Update java-1.7.0-openjdk-devel to the latest version available from CentOS, using tools like yum or up2date.



 * CentOS Linux (?:6(?:.)*) (x86)
      Upgrade java-1.7.0-openjdk-javadoc

      
      Update java-1.7.0-openjdk-javadoc to the latest version available from CentOS, using tools like yum or up2date.



 * CentOS Linux (?:6(?:.)*) (x86)
      Upgrade java-1.7.0-openjdk-src

      
      Update java-1.7.0-openjdk-src to the latest version available from CentOS, using tools like yum or up2date.



 * CentOS Linux (?:6(?:.)*) (x86)
      Upgrade java-1.8.0-openjdk

      
      Update java-1.8.0-openjdk to the latest version available from CentOS, using tools like yum or up2date.



 * CentOS Linux (?:6(?:.)*) (x86)
      Upgrade java-1.8.0-openjdk-debug

      
      Update java-1.8.0-openjdk-debug to the latest version available from CentOS, using tools like yum or up2date.



 * CentOS Linux (?:6(?:.)*) (x86)
      Upgrade java-1.8.0-openjdk-demo

      
      Update java-1.8.0-openjdk-demo to the latest version available from CentOS, using tools like yum or up2date.



 * CentOS Linux (?:6(?:.)*) (x86)
      Upgrade java-1.8.0-openjdk-demo-debug

      
      Update java-1.8.0-openjdk-demo-debug to the latest version available from CentOS, using tools like yum or up2date.



 * CentOS Linux (?:6(?:.)*) (x86)
      Upgrade java-1.8.0-openjdk-devel

      
      Update java-1.8.0-openjdk-devel to the latest version available from CentOS, using tools like yum or up2date.



 * CentOS Linux (?:6(?:.)*) (x86)
      Upgrade java-1.8.0-openjdk-devel-debug

      
      Update java-1.8.0-openjdk-devel-debug to the latest version available from CentOS, using tools like yum or up2date.



 * CentOS Linux (?:6(?:.)*) (x86)
      Upgrade java-1.8.0-openjdk-headless

      
      Update java-1.8.0-openjdk-headless to the latest version available from CentOS, using tools like yum or up2date.



 * CentOS Linux (?:6(?:.)*) (x86)
      Upgrade java-1.8.0-openjdk-headless-debug

      
      Update java-1.8.0-openjdk-headless-debug to the latest version available from CentOS, using tools like yum or up2date.



 * CentOS Linux (?:6(?:.)*) (x86)
      Upgrade java-1.8.0-openjdk-javadoc

      
      Update java-1.8.0-openjdk-javadoc to the latest version available from CentOS, using tools like yum or up2date.



 * CentOS Linux (?:6(?:.)*) (x86)
      Upgrade java-1.8.0-openjdk-javadoc-debug

      
      Update java-1.8.0-openjdk-javadoc-debug to the latest version available from CentOS, using tools like yum or up2date.



 * CentOS Linux (?:6(?:.)*) (x86)
      Upgrade java-1.8.0-openjdk-src

      
      Update java-1.8.0-openjdk-src to the latest version available from CentOS, using tools like yum or up2date.



 * CentOS Linux (?:6(?:.)*) (x86)
      Upgrade java-1.8.0-openjdk-src-debug

      
      Update java-1.8.0-openjdk-src-debug to the latest version available from CentOS, using tools like yum or up2date.



 * CentOS Linux (?:6(?:.)*) (x86_64)
      Upgrade java-1.6.0-openjdk

      
      Update java-1.6.0-openjdk to the latest version available from CentOS, using tools like yum or up2date.



 * CentOS Linux (?:6(?:.)*) (x86_64)
      Upgrade java-1.6.0-openjdk-demo

      
      Update java-1.6.0-openjdk-demo to the latest version available from CentOS, using tools like yum or up2date.



 * CentOS Linux (?:6(?:.)*) (x86_64)
      Upgrade java-1.6.0-openjdk-devel

      
      Update java-1.6.0-openjdk-devel to the latest version available from CentOS, using tools like yum or up2date.



 * CentOS Linux (?:6(?:.)*) (x86_64)
      Upgrade java-1.6.0-openjdk-javadoc

      
      Update java-1.6.0-openjdk-javadoc to the latest version available from CentOS, using tools like yum or up2date.



 * CentOS Linux (?:6(?:.)*) (x86_64)
      Upgrade java-1.6.0-openjdk-src

      
      Update java-1.6.0-openjdk-src to the latest version available from CentOS, using tools like yum or up2date.



 * CentOS Linux (?:6(?:.)*) (x86_64)
      Upgrade java-1.7.0-openjdk

      
      Update java-1.7.0-openjdk to the latest version available from CentOS, using tools like yum or up2date.



 * CentOS Linux (?:6(?:.)*) (x86_64)
      Upgrade java-1.7.0-openjdk-demo

      
      Update java-1.7.0-openjdk-demo to the latest version available from CentOS, using tools like yum or up2date.



 * CentOS Linux (?:6(?:.)*) (x86_64)
      Upgrade java-1.7.0-openjdk-devel

      
      Update java-1.7.0-openjdk-devel to the latest version available from CentOS, using tools like yum or up2date.



 * CentOS Linux (?:6(?:.)*) (x86_64)
      Upgrade java-1.7.0-openjdk-javadoc

      
      Update java-1.7.0-openjdk-javadoc to the latest version available from CentOS, using tools like yum or up2date.



 * CentOS Linux (?:6(?:.)*) (x86_64)
      Upgrade java-1.7.0-openjdk-src

      
      Update java-1.7.0-openjdk-src to the latest version available from CentOS, using tools like yum or up2date.



 * CentOS Linux (?:6(?:.)*) (x86_64)
      Upgrade java-1.8.0-openjdk

      
      Update java-1.8.0-openjdk to the latest version available from CentOS, using tools like yum or up2date.



 * CentOS Linux (?:6(?:.)*) (x86_64)
      Upgrade java-1.8.0-openjdk-debug

      
      Update java-1.8.0-openjdk-debug to the latest version available from CentOS, using tools like yum or up2date.



 * CentOS Linux (?:6(?:.)*) (x86_64)
      Upgrade java-1.8.0-openjdk-demo

      
      Update java-1.8.0-openjdk-demo to the latest version available from CentOS, using tools like yum or up2date.



 * CentOS Linux (?:6(?:.)*) (x86_64)
      Upgrade java-1.8.0-openjdk-demo-debug

      
      Update java-1.8.0-openjdk-demo-debug to the latest version available from CentOS, using tools like yum or up2date.



 * CentOS Linux (?:6(?:.)*) (x86_64)
      Upgrade java-1.8.0-openjdk-devel

      
      Update java-1.8.0-openjdk-devel to the latest version available from CentOS, using tools like yum or up2date.



 * CentOS Linux (?:6(?:.)*) (x86_64)
      Upgrade java-1.8.0-openjdk-devel-debug

      
      Update java-1.8.0-openjdk-devel-debug to the latest version available from CentOS, using tools like yum or up2date.



 * CentOS Linux (?:6(?:.)*) (x86_64)
      Upgrade java-1.8.0-openjdk-headless

      
      Update java-1.8.0-openjdk-headless to the latest version available from CentOS, using tools like yum or up2date.



 * CentOS Linux (?:6(?:.)*) (x86_64)
      Upgrade java-1.8.0-openjdk-headless-debug

      
      Update java-1.8.0-openjdk-headless-debug to the latest version available from CentOS, using tools like yum or up2date.



 * CentOS Linux (?:6(?:.)*) (x86_64)
      Upgrade java-1.8.0-openjdk-javadoc

      
      Update java-1.8.0-openjdk-javadoc to the latest version available from CentOS, using tools like yum or up2date.



 * CentOS Linux (?:6(?:.)*) (x86_64)
      Upgrade java-1.8.0-openjdk-javadoc-debug

      
      Update java-1.8.0-openjdk-javadoc-debug to the latest version available from CentOS, using tools like yum or up2date.



 * CentOS Linux (?:6(?:.)*) (x86_64)
      Upgrade java-1.8.0-openjdk-src

      
      Update java-1.8.0-openjdk-src to the latest version available from CentOS, using tools like yum or up2date.



 * CentOS Linux (?:6(?:.)*) (x86_64)
      Upgrade java-1.8.0-openjdk-src-debug

      
      Update java-1.8.0-openjdk-src-debug to the latest version available from CentOS, using tools like yum or up2date.



 * CentOS Linux (?:7(?:.)*) (x86_64)
      Upgrade java-1.6.0-openjdk

      
      Update java-1.6.0-openjdk to the latest version available from CentOS, using tools like yum or up2date.



 * CentOS Linux (?:7(?:.)*) (x86_64)
      Upgrade java-1.6.0-openjdk-demo

      
      Update java-1.6.0-openjdk-demo to the latest version available from CentOS, using tools like yum or up2date.



 * CentOS Linux (?:7(?:.)*) (x86_64)
      Upgrade java-1.6.0-openjdk-devel

      
      Update java-1.6.0-openjdk-devel to the latest version available from CentOS, using tools like yum or up2date.



 * CentOS Linux (?:7(?:.)*) (x86_64)
      Upgrade java-1.6.0-openjdk-javadoc

      
      Update java-1.6.0-openjdk-javadoc to the latest version available from CentOS, using tools like yum or up2date.



 * CentOS Linux (?:7(?:.)*) (x86_64)
      Upgrade java-1.6.0-openjdk-src

      
      Update java-1.6.0-openjdk-src to the latest version available from CentOS, using tools like yum or up2date.



 * CentOS Linux (?:7(?:.)*) (x86_64)
      Upgrade java-1.7.0-openjdk

      
      Update java-1.7.0-openjdk to the latest version available from CentOS, using tools like yum or up2date.



 * CentOS Linux (?:7(?:.)*) (x86_64)
      Upgrade java-1.7.0-openjdk-accessibility

      
      Update java-1.7.0-openjdk-accessibility to the latest version available from CentOS, using tools like yum or up2date.



 * CentOS Linux (?:7(?:.)*) (x86_64)
      Upgrade java-1.7.0-openjdk-demo

      
      Update java-1.7.0-openjdk-demo to the latest version available from CentOS, using tools like yum or up2date.



 * CentOS Linux (?:7(?:.)*) (x86_64)
      Upgrade java-1.7.0-openjdk-devel

      
      Update java-1.7.0-openjdk-devel to the latest version available from CentOS, using tools like yum or up2date.



 * CentOS Linux (?:7(?:.)*) (x86_64)
      Upgrade java-1.7.0-openjdk-headless

      
      Update java-1.7.0-openjdk-headless to the latest version available from CentOS, using tools like yum or up2date.



 * CentOS Linux (?:7(?:.)*) (x86_64)
      Upgrade java-1.7.0-openjdk-javadoc

      
      Update java-1.7.0-openjdk-javadoc to the latest version available from CentOS, using tools like yum or up2date.



 * CentOS Linux (?:7(?:.)*) (x86_64)
      Upgrade java-1.7.0-openjdk-src

      
      Update java-1.7.0-openjdk-src to the latest version available from CentOS, using tools like yum or up2date.



 * CentOS Linux (?:7(?:.)*) (x86_64)
      Upgrade java-1.8.0-openjdk

      
      Update java-1.8.0-openjdk to the latest version available from CentOS, using tools like yum or up2date.



 * CentOS Linux (?:7(?:.)*) (x86_64)
      Upgrade java-1.8.0-openjdk-accessibility

      
      Update java-1.8.0-openjdk-accessibility to the latest version available from CentOS, using tools like yum or up2date.



 * CentOS Linux (?:7(?:.)*) (x86_64)
      Upgrade java-1.8.0-openjdk-accessibility-debug

      
      Update java-1.8.0-openjdk-accessibility-debug to the latest version available from CentOS, using tools like yum or up2date.



 * CentOS Linux (?:7(?:.)*) (x86",2016-09-15,2016-09-15,Cent OS: CVE-2016-3500: CESA-2016:1776 (java-1.6.0-openjdk)
10.103.128.10,ip-10-103-128-10.ec2.internal,CentOS Linux,6.8,,System,0,,,0 Days,,,"Unspecified vulnerability in Oracle Java SE 6u115, 7u101, and 8u92; Java SE Embedded 8u91; and JRockit R28.3.10 allows remote attackers to affect availability via vectors related to JAXP, a different vulnerability than CVE-2016-3500.",centos_linux-cve-2016-3508,"Vulnerable OS: CentOS Linux 6.8



 * 
      java-1.6.0-openjdk - version 1:1.6.0.39-1.13.11.1.el6_8 is installed",2016-07-21,"BID:91787,NVD:CVE-2016-3508,UBUNTU:USN-3043-1,UBUNTU:USN-3062-1,UBUNTU:USN-3077-1","http://www.securityfocus.com/bid/91787,http://web.nvd.nist.gov/view/vuln/detail?vulnId=CVE-2016-3508,http://www.ubuntu.com/usn/USN-3043-1/,http://www.ubuntu.com/usn/USN-3062-1/,http://www.ubuntu.com/usn/USN-3077-1/",141,5,"* CentOS Linux (?:5(?:.)*) (x86)
      Upgrade java-1.6.0-openjdk

      
      Update java-1.6.0-openjdk to the latest version available from CentOS, using tools like yum or up2date.



 * CentOS Linux (?:5(?:.)*) (x86)
      Upgrade java-1.6.0-openjdk-demo

      
      Update java-1.6.0-openjdk-demo to the latest version available from CentOS, using tools like yum or up2date.



 * CentOS Linux (?:5(?:.)*) (x86)
      Upgrade java-1.6.0-openjdk-devel

      
      Update java-1.6.0-openjdk-devel to the latest version available from CentOS, using tools like yum or up2date.



 * CentOS Linux (?:5(?:.)*) (x86)
      Upgrade java-1.6.0-openjdk-javadoc

      
      Update java-1.6.0-openjdk-javadoc to the latest version available from CentOS, using tools like yum or up2date.



 * CentOS Linux (?:5(?:.)*) (x86)
      Upgrade java-1.6.0-openjdk-src

      
      Update java-1.6.0-openjdk-src to the latest version available from CentOS, using tools like yum or up2date.



 * CentOS Linux (?:5(?:.)*) (x86)
      Upgrade java-1.7.0-openjdk

      
      Update java-1.7.0-openjdk to the latest version available from CentOS, using tools like yum or up2date.



 * CentOS Linux (?:5(?:.)*) (x86)
      Upgrade java-1.7.0-openjdk-demo

      
      Update java-1.7.0-openjdk-demo to the latest version available from CentOS, using tools like yum or up2date.



 * CentOS Linux (?:5(?:.)*) (x86)
      Upgrade java-1.7.0-openjdk-devel

      
      Update java-1.7.0-openjdk-devel to the latest version available from CentOS, using tools like yum or up2date.



 * CentOS Linux (?:5(?:.)*) (x86)
      Upgrade java-1.7.0-openjdk-javadoc

      
      Update java-1.7.0-openjdk-javadoc to the latest version available from CentOS, using tools like yum or up2date.



 * CentOS Linux (?:5(?:.)*) (x86)
      Upgrade java-1.7.0-openjdk-src

      
      Update java-1.7.0-openjdk-src to the latest version available from CentOS, using tools like yum or up2date.



 * CentOS Linux (?:5(?:.)*) (x86_64)
      Upgrade java-1.6.0-openjdk

      
      Update java-1.6.0-openjdk to the latest version available from CentOS, using tools like yum or up2date.



 * CentOS Linux (?:5(?:.)*) (x86_64)
      Upgrade java-1.6.0-openjdk-demo

      
      Update java-1.6.0-openjdk-demo to the latest version available from CentOS, using tools like yum or up2date.



 * CentOS Linux (?:5(?:.)*) (x86_64)
      Upgrade java-1.6.0-openjdk-devel

      
      Update java-1.6.0-openjdk-devel to the latest version available from CentOS, using tools like yum or up2date.



 * CentOS Linux (?:5(?:.)*) (x86_64)
      Upgrade java-1.6.0-openjdk-javadoc

      
      Update java-1.6.0-openjdk-javadoc to the latest version available from CentOS, using tools like yum or up2date.



 * CentOS Linux (?:5(?:.)*) (x86_64)
      Upgrade java-1.6.0-openjdk-src

      
      Update java-1.6.0-openjdk-src to the latest version available from CentOS, using tools like yum or up2date.



 * CentOS Linux (?:5(?:.)*) (x86_64)
      Upgrade java-1.7.0-openjdk

      
      Update java-1.7.0-openjdk to the latest version available from CentOS, using tools like yum or up2date.



 * CentOS Linux (?:5(?:.)*) (x86_64)
      Upgrade java-1.7.0-openjdk-demo

      
      Update java-1.7.0-openjdk-demo to the latest version available from CentOS, using tools like yum or up2date.



 * CentOS Linux (?:5(?:.)*) (x86_64)
      Upgrade java-1.7.0-openjdk-devel

      
      Update java-1.7.0-openjdk-devel to the latest version available from CentOS, using tools like yum or up2date.



 * CentOS Linux (?:5(?:.)*) (x86_64)
      Upgrade java-1.7.0-openjdk-javadoc

      
      Update java-1.7.0-openjdk-javadoc to the latest version available from CentOS, using tools like yum or up2date.



 * CentOS Linux (?:5(?:.)*) (x86_64)
      Upgrade java-1.7.0-openjdk-src

      
      Update java-1.7.0-openjdk-src to the latest version available from CentOS, using tools like yum or up2date.



 * CentOS Linux (?:6(?:.)*) (x86)
      Upgrade java-1.6.0-openjdk

      
      Update java-1.6.0-openjdk to the latest version available from CentOS, using tools like yum or up2date.



 * CentOS Linux (?:6(?:.)*) (x86)
      Upgrade java-1.6.0-openjdk-demo

      
      Update java-1.6.0-openjdk-demo to the latest version available from CentOS, using tools like yum or up2date.



 * CentOS Linux (?:6(?:.)*) (x86)
      Upgrade java-1.6.0-openjdk-devel

      
      Update java-1.6.0-openjdk-devel to the latest version available from CentOS, using tools like yum or up2date.



 * CentOS Linux (?:6(?:.)*) (x86)
      Upgrade java-1.6.0-openjdk-javadoc

      
      Update java-1.6.0-openjdk-javadoc to the latest version available from CentOS, using tools like yum or up2date.



 * CentOS Linux (?:6(?:.)*) (x86)
      Upgrade java-1.6.0-openjdk-src

      
      Update java-1.6.0-openjdk-src to the latest version available from CentOS, using tools like yum or up2date.



 * CentOS Linux (?:6(?:.)*) (x86)
      Upgrade java-1.7.0-openjdk

      
      Update java-1.7.0-openjdk to the latest version available from CentOS, using tools like yum or up2date.



 * CentOS Linux (?:6(?:.)*) (x86)
      Upgrade java-1.7.0-openjdk-demo

      
      Update java-1.7.0-openjdk-demo to the latest version available from CentOS, using tools like yum or up2date.



 * CentOS Linux (?:6(?:.)*) (x86)
      Upgrade java-1.7.0-openjdk-devel

      
      Update java-1.7.0-openjdk-devel to the latest version available from CentOS, using tools like yum or up2date.



 * CentOS Linux (?:6(?:.)*) (x86)
      Upgrade java-1.7.0-openjdk-javadoc

      
      Update java-1.7.0-openjdk-javadoc to the latest version available from CentOS, using tools like yum or up2date.



 * CentOS Linux (?:6(?:.)*) (x86)
      Upgrade java-1.7.0-openjdk-src

      
      Update java-1.7.0-openjdk-src to the latest version available from CentOS, using tools like yum or up2date.



 * CentOS Linux (?:6(?:.)*) (x86)
      Upgrade java-1.8.0-openjdk

      
      Update java-1.8.0-openjdk to the latest version available from CentOS, using tools like yum or up2date.



 * CentOS Linux (?:6(?:.)*) (x86)
      Upgrade java-1.8.0-openjdk-debug

      
      Update java-1.8.0-openjdk-debug to the latest version available from CentOS, using tools like yum or up2date.



 * CentOS Linux (?:6(?:.)*) (x86)
      Upgrade java-1.8.0-openjdk-demo

      
      Update java-1.8.0-openjdk-demo to the latest version available from CentOS, using tools like yum or up2date.



 * CentOS Linux (?:6(?:.)*) (x86)
      Upgrade java-1.8.0-openjdk-demo-debug

      
      Update java-1.8.0-openjdk-demo-debug to the latest version available from CentOS, using tools like yum or up2date.



 * CentOS Linux (?:6(?:.)*) (x86)
      Upgrade java-1.8.0-openjdk-devel

      
      Update java-1.8.0-openjdk-devel to the latest version available from CentOS, using tools like yum or up2date.



 * CentOS Linux (?:6(?:.)*) (x86)
      Upgrade java-1.8.0-openjdk-devel-debug

      
      Update java-1.8.0-openjdk-devel-debug to the latest version available from CentOS, using tools like yum or up2date.



 * CentOS Linux (?:6(?:.)*) (x86)
      Upgrade java-1.8.0-openjdk-headless

      
      Update java-1.8.0-openjdk-headless to the latest version available from CentOS, using tools like yum or up2date.



 * CentOS Linux (?:6(?:.)*) (x86)
      Upgrade java-1.8.0-openjdk-headless-debug

      
      Update java-1.8.0-openjdk-headless-debug to the latest version available from CentOS, using tools like yum or up2date.



 * CentOS Linux (?:6(?:.)*) (x86)
      Upgrade java-1.8.0-openjdk-javadoc

      
      Update java-1.8.0-openjdk-javadoc to the latest version available from CentOS, using tools like yum or up2date.



 * CentOS Linux (?:6(?:.)*) (x86)
      Upgrade java-1.8.0-openjdk-javadoc-debug

      
      Update java-1.8.0-openjdk-javadoc-debug to the latest version available from CentOS, using tools like yum or up2date.



 * CentOS Linux (?:6(?:.)*) (x86)
      Upgrade java-1.8.0-openjdk-src

      
      Update java-1.8.0-openjdk-src to the latest version available from CentOS, using tools like yum or up2date.



 * CentOS Linux (?:6(?:.)*) (x86)
      Upgrade java-1.8.0-openjdk-src-debug

      
      Update java-1.8.0-openjdk-src-debug to the latest version available from CentOS, using tools like yum or up2date.



 * CentOS Linux (?:6(?:.)*) (x86_64)
      Upgrade java-1.6.0-openjdk

      
      Update java-1.6.0-openjdk to the latest version available from CentOS, using tools like yum or up2date.



 * CentOS Linux (?:6(?:.)*) (x86_64)
      Upgrade java-1.6.0-openjdk-demo

      
      Update java-1.6.0-openjdk-demo to the latest version available from CentOS, using tools like yum or up2date.



 * CentOS Linux (?:6(?:.)*) (x86_64)
      Upgrade java-1.6.0-openjdk-devel

      
      Update java-1.6.0-openjdk-devel to the latest version available from CentOS, using tools like yum or up2date.



 * CentOS Linux (?:6(?:.)*) (x86_64)
      Upgrade java-1.6.0-openjdk-javadoc

      
      Update java-1.6.0-openjdk-javadoc to the latest version available from CentOS, using tools like yum or up2date.



 * CentOS Linux (?:6(?:.)*) (x86_64)
      Upgrade java-1.6.0-openjdk-src

      
      Update java-1.6.0-openjdk-src to the latest version available from CentOS, using tools like yum or up2date.



 * CentOS Linux (?:6(?:.)*) (x86_64)
      Upgrade java-1.7.0-openjdk

      
      Update java-1.7.0-openjdk to the latest version available from CentOS, using tools like yum or up2date.



 * CentOS Linux (?:6(?:.)*) (x86_64)
      Upgrade java-1.7.0-openjdk-demo

      
      Update java-1.7.0-openjdk-demo to the latest version available from CentOS, using tools like yum or up2date.



 * CentOS Linux (?:6(?:.)*) (x86_64)
      Upgrade java-1.7.0-openjdk-devel

      
      Update java-1.7.0-openjdk-devel to the latest version available from CentOS, using tools like yum or up2date.



 * CentOS Linux (?:6(?:.)*) (x86_64)
      Upgrade java-1.7.0-openjdk-javadoc

      
      Update java-1.7.0-openjdk-javadoc to the latest version available from CentOS, using tools like yum or up2date.



 * CentOS Linux (?:6(?:.)*) (x86_64)
      Upgrade java-1.7.0-openjdk-src

      
      Update java-1.7.0-openjdk-src to the latest version available from CentOS, using tools like yum or up2date.



 * CentOS Linux (?:6(?:.)*) (x86_64)
      Upgrade java-1.8.0-openjdk

      
      Update java-1.8.0-openjdk to the latest version available from CentOS, using tools like yum or up2date.



 * CentOS Linux (?:6(?:.)*) (x86_64)
      Upgrade java-1.8.0-openjdk-debug

      
      Update java-1.8.0-openjdk-debug to the latest version available from CentOS, using tools like yum or up2date.



 * CentOS Linux (?:6(?:.)*) (x86_64)
      Upgrade java-1.8.0-openjdk-demo

      
      Update java-1.8.0-openjdk-demo to the latest version available from CentOS, using tools like yum or up2date.



 * CentOS Linux (?:6(?:.)*) (x86_64)
      Upgrade java-1.8.0-openjdk-demo-debug

      
      Update java-1.8.0-openjdk-demo-debug to the latest version available from CentOS, using tools like yum or up2date.



 * CentOS Linux (?:6(?:.)*) (x86_64)
      Upgrade java-1.8.0-openjdk-devel

      
      Update java-1.8.0-openjdk-devel to the latest version available from CentOS, using tools like yum or up2date.



 * CentOS Linux (?:6(?:.)*) (x86_64)
      Upgrade java-1.8.0-openjdk-devel-debug

      
      Update java-1.8.0-openjdk-devel-debug to the latest version available from CentOS, using tools like yum or up2date.



 * CentOS Linux (?:6(?:.)*) (x86_64)
      Upgrade java-1.8.0-openjdk-headless

      
      Update java-1.8.0-openjdk-headless to the latest version available from CentOS, using tools like yum or up2date.



 * CentOS Linux (?:6(?:.)*) (x86_64)
      Upgrade java-1.8.0-openjdk-headless-debug

      
      Update java-1.8.0-openjdk-headless-debug to the latest version available from CentOS, using tools like yum or up2date.



 * CentOS Linux (?:6(?:.)*) (x86_64)
      Upgrade java-1.8.0-openjdk-javadoc

      
      Update java-1.8.0-openjdk-javadoc to the latest version available from CentOS, using tools like yum or up2date.



 * CentOS Linux (?:6(?:.)*) (x86_64)
      Upgrade java-1.8.0-openjdk-javadoc-debug

      
      Update java-1.8.0-openjdk-javadoc-debug to the latest version available from CentOS, using tools like yum or up2date.



 * CentOS Linux (?:6(?:.)*) (x86_64)
      Upgrade java-1.8.0-openjdk-src

      
      Update java-1.8.0-openjdk-src to the latest version available from CentOS, using tools like yum or up2date.



 * CentOS Linux (?:6(?:.)*) (x86_64)
      Upgrade java-1.8.0-openjdk-src-debug

      
      Update java-1.8.0-openjdk-src-debug to the latest version available from CentOS, using tools like yum or up2date.



 * CentOS Linux (?:7(?:.)*) (x86_64)
      Upgrade java-1.6.0-openjdk

      
      Update java-1.6.0-openjdk to the latest version available from CentOS, using tools like yum or up2date.



 * CentOS Linux (?:7(?:.)*) (x86_64)
      Upgrade java-1.6.0-openjdk-demo

      
      Update java-1.6.0-openjdk-demo to the latest version available from CentOS, using tools like yum or up2date.



 * CentOS Linux (?:7(?:.)*) (x86_64)
      Upgrade java-1.6.0-openjdk-devel

      
      Update java-1.6.0-openjdk-devel to the latest version available from CentOS, using tools like yum or up2date.



 * CentOS Linux (?:7(?:.)*) (x86_64)
      Upgrade java-1.6.0-openjdk-javadoc

      
      Update java-1.6.0-openjdk-javadoc to the latest version available from CentOS, using tools like yum or up2date.



 * CentOS Linux (?:7(?:.)*) (x86_64)
      Upgrade java-1.6.0-openjdk-src

      
      Update java-1.6.0-openjdk-src to the latest version available from CentOS, using tools like yum or up2date.



 * CentOS Linux (?:7(?:.)*) (x86_64)
      Upgrade java-1.7.0-openjdk

      
      Update java-1.7.0-openjdk to the latest version available from CentOS, using tools like yum or up2date.



 * CentOS Linux (?:7(?:.)*) (x86_64)
      Upgrade java-1.7.0-openjdk-accessibility

      
      Update java-1.7.0-openjdk-accessibility to the latest version available from CentOS, using tools like yum or up2date.



 * CentOS Linux (?:7(?:.)*) (x86_64)
      Upgrade java-1.7.0-openjdk-demo

      
      Update java-1.7.0-openjdk-demo to the latest version available from CentOS, using tools like yum or up2date.



 * CentOS Linux (?:7(?:.)*) (x86_64)
      Upgrade java-1.7.0-openjdk-devel

      
      Update java-1.7.0-openjdk-devel to the latest version available from CentOS, using tools like yum or up2date.



 * CentOS Linux (?:7(?:.)*) (x86_64)
      Upgrade java-1.7.0-openjdk-headless

      
      Update java-1.7.0-openjdk-headless to the latest version available from CentOS, using tools like yum or up2date.



 * CentOS Linux (?:7(?:.)*) (x86_64)
      Upgrade java-1.7.0-openjdk-javadoc

      
      Update java-1.7.0-openjdk-javadoc to the latest version available from CentOS, using tools like yum or up2date.



 * CentOS Linux (?:7(?:.)*) (x86_64)
      Upgrade java-1.7.0-openjdk-src

      
      Update java-1.7.0-openjdk-src to the latest version available from CentOS, using tools like yum or up2date.



 * CentOS Linux (?:7(?:.)*) (x86_64)
      Upgrade java-1.8.0-openjdk

      
      Update java-1.8.0-openjdk to the latest version available from CentOS, using tools like yum or up2date.



 * CentOS Linux (?:7(?:.)*) (x86_64)
      Upgrade java-1.8.0-openjdk-accessibility

      
      Update java-1.8.0-openjdk-accessibility to the latest version available from CentOS, using tools like yum or up2date.



 * CentOS Linux (?:7(?:.)*) (x86_64)
      Upgrade java-1.8.0-openjdk-accessibility-debug

      
      Update java-1.8.0-openjdk-accessibility-debug to the latest version available from CentOS, using tools like yum or up2date.



 * CentOS Linux (?:7(?:.)*) (x86",2016-09-15,2016-09-15,Cent OS: CVE-2016-3508: CESA-2016:1776 (java-1.6.0-openjdk)
10.103.128.10,ip-10-103-128-10.ec2.internal,CentOS Linux,6.8,,System,0,,,0 Days,,,"Unspecified vulnerability in Oracle Java SE 6u115, 7u101, and 8u92 and Java SE Embedded 8u91 allows remote attackers to affect confidentiality via vectors related to Hotspot.",centos_linux-cve-2016-3550,"Vulnerable OS: CentOS Linux 6.8



 * 
      java-1.6.0-openjdk - version 1:1.6.0.39-1.13.11.1.el6_8 is installed",2016-07-21,"BID:91787,NVD:CVE-2016-3550,UBUNTU:USN-3043-1,UBUNTU:USN-3062-1,UBUNTU:USN-3077-1","http://www.securityfocus.com/bid/91787,http://web.nvd.nist.gov/view/vuln/detail?vulnId=CVE-2016-3550,http://www.ubuntu.com/usn/USN-3043-1/,http://www.ubuntu.com/usn/USN-3062-1/,http://www.ubuntu.com/usn/USN-3077-1/",197,4,"* CentOS Linux (?:5(?:.)*) (x86)
      Upgrade java-1.6.0-openjdk

      
      Update java-1.6.0-openjdk to the latest version available from CentOS, using tools like yum or up2date.



 * CentOS Linux (?:5(?:.)*) (x86)
      Upgrade java-1.6.0-openjdk-demo

      
      Update java-1.6.0-openjdk-demo to the latest version available from CentOS, using tools like yum or up2date.



 * CentOS Linux (?:5(?:.)*) (x86)
      Upgrade java-1.6.0-openjdk-devel

      
      Update java-1.6.0-openjdk-devel to the latest version available from CentOS, using tools like yum or up2date.



 * CentOS Linux (?:5(?:.)*) (x86)
      Upgrade java-1.6.0-openjdk-javadoc

      
      Update java-1.6.0-openjdk-javadoc to the latest version available from CentOS, using tools like yum or up2date.



 * CentOS Linux (?:5(?:.)*) (x86)
      Upgrade java-1.6.0-openjdk-src

      
      Update java-1.6.0-openjdk-src to the latest version available from CentOS, using tools like yum or up2date.



 * CentOS Linux (?:5(?:.)*) (x86)
      Upgrade java-1.7.0-openjdk

      
      Update java-1.7.0-openjdk to the latest version available from CentOS, using tools like yum or up2date.



 * CentOS Linux (?:5(?:.)*) (x86)
      Upgrade java-1.7.0-openjdk-demo

      
      Update java-1.7.0-openjdk-demo to the latest version available from CentOS, using tools like yum or up2date.



 * CentOS Linux (?:5(?:.)*) (x86)
      Upgrade java-1.7.0-openjdk-devel

      
      Update java-1.7.0-openjdk-devel to the latest version available from CentOS, using tools like yum or up2date.



 * CentOS Linux (?:5(?:.)*) (x86)
      Upgrade java-1.7.0-openjdk-javadoc

      
      Update java-1.7.0-openjdk-javadoc to the latest version available from CentOS, using tools like yum or up2date.



 * CentOS Linux (?:5(?:.)*) (x86)
      Upgrade java-1.7.0-openjdk-src

      
      Update java-1.7.0-openjdk-src to the latest version available from CentOS, using tools like yum or up2date.



 * CentOS Linux (?:5(?:.)*) (x86_64)
      Upgrade java-1.6.0-openjdk

      
      Update java-1.6.0-openjdk to the latest version available from CentOS, using tools like yum or up2date.



 * CentOS Linux (?:5(?:.)*) (x86_64)
      Upgrade java-1.6.0-openjdk-demo

      
      Update java-1.6.0-openjdk-demo to the latest version available from CentOS, using tools like yum or up2date.



 * CentOS Linux (?:5(?:.)*) (x86_64)
      Upgrade java-1.6.0-openjdk-devel

      
      Update java-1.6.0-openjdk-devel to the latest version available from CentOS, using tools like yum or up2date.



 * CentOS Linux (?:5(?:.)*) (x86_64)
      Upgrade java-1.6.0-openjdk-javadoc

      
      Update java-1.6.0-openjdk-javadoc to the latest version available from CentOS, using tools like yum or up2date.



 * CentOS Linux (?:5(?:.)*) (x86_64)
      Upgrade java-1.6.0-openjdk-src

      
      Update java-1.6.0-openjdk-src to the latest version available from CentOS, using tools like yum or up2date.



 * CentOS Linux (?:5(?:.)*) (x86_64)
      Upgrade java-1.7.0-openjdk

      
      Update java-1.7.0-openjdk to the latest version available from CentOS, using tools like yum or up2date.



 * CentOS Linux (?:5(?:.)*) (x86_64)
      Upgrade java-1.7.0-openjdk-demo

      
      Update java-1.7.0-openjdk-demo to the latest version available from CentOS, using tools like yum or up2date.



 * CentOS Linux (?:5(?:.)*) (x86_64)
      Upgrade java-1.7.0-openjdk-devel

      
      Update java-1.7.0-openjdk-devel to the latest version available from CentOS, using tools like yum or up2date.



 * CentOS Linux (?:5(?:.)*) (x86_64)
      Upgrade java-1.7.0-openjdk-javadoc

      
      Update java-1.7.0-openjdk-javadoc to the latest version available from CentOS, using tools like yum or up2date.



 * CentOS Linux (?:5(?:.)*) (x86_64)
      Upgrade java-1.7.0-openjdk-src

      
      Update java-1.7.0-openjdk-src to the latest version available from CentOS, using tools like yum or up2date.



 * CentOS Linux (?:6(?:.)*) (x86)
      Upgrade java-1.6.0-openjdk

      
      Update java-1.6.0-openjdk to the latest version available from CentOS, using tools like yum or up2date.



 * CentOS Linux (?:6(?:.)*) (x86)
      Upgrade java-1.6.0-openjdk-demo

      
      Update java-1.6.0-openjdk-demo to the latest version available from CentOS, using tools like yum or up2date.



 * CentOS Linux (?:6(?:.)*) (x86)
      Upgrade java-1.6.0-openjdk-devel

      
      Update java-1.6.0-openjdk-devel to the latest version available from CentOS, using tools like yum or up2date.



 * CentOS Linux (?:6(?:.)*) (x86)
      Upgrade java-1.6.0-openjdk-javadoc

      
      Update java-1.6.0-openjdk-javadoc to the latest version available from CentOS, using tools like yum or up2date.



 * CentOS Linux (?:6(?:.)*) (x86)
      Upgrade java-1.6.0-openjdk-src

      
      Update java-1.6.0-openjdk-src to the latest version available from CentOS, using tools like yum or up2date.



 * CentOS Linux (?:6(?:.)*) (x86)
      Upgrade java-1.7.0-openjdk

      
      Update java-1.7.0-openjdk to the latest version available from CentOS, using tools like yum or up2date.



 * CentOS Linux (?:6(?:.)*) (x86)
      Upgrade java-1.7.0-openjdk-demo

      
      Update java-1.7.0-openjdk-demo to the latest version available from CentOS, using tools like yum or up2date.



 * CentOS Linux (?:6(?:.)*) (x86)
      Upgrade java-1.7.0-openjdk-devel

      
      Update java-1.7.0-openjdk-devel to the latest version available from CentOS, using tools like yum or up2date.



 * CentOS Linux (?:6(?:.)*) (x86)
      Upgrade java-1.7.0-openjdk-javadoc

      
      Update java-1.7.0-openjdk-javadoc to the latest version available from CentOS, using tools like yum or up2date.



 * CentOS Linux (?:6(?:.)*) (x86)
      Upgrade java-1.7.0-openjdk-src

      
      Update java-1.7.0-openjdk-src to the latest version available from CentOS, using tools like yum or up2date.



 * CentOS Linux (?:6(?:.)*) (x86)
      Upgrade java-1.8.0-openjdk

      
      Update java-1.8.0-openjdk to the latest version available from CentOS, using tools like yum or up2date.



 * CentOS Linux (?:6(?:.)*) (x86)
      Upgrade java-1.8.0-openjdk-debug

      
      Update java-1.8.0-openjdk-debug to the latest version available from CentOS, using tools like yum or up2date.



 * CentOS Linux (?:6(?:.)*) (x86)
      Upgrade java-1.8.0-openjdk-demo

      
      Update java-1.8.0-openjdk-demo to the latest version available from CentOS, using tools like yum or up2date.



 * CentOS Linux (?:6(?:.)*) (x86)
      Upgrade java-1.8.0-openjdk-demo-debug

      
      Update java-1.8.0-openjdk-demo-debug to the latest version available from CentOS, using tools like yum or up2date.



 * CentOS Linux (?:6(?:.)*) (x86)
      Upgrade java-1.8.0-openjdk-devel

      
      Update java-1.8.0-openjdk-devel to the latest version available from CentOS, using tools like yum or up2date.



 * CentOS Linux (?:6(?:.)*) (x86)
      Upgrade java-1.8.0-openjdk-devel-debug

      
      Update java-1.8.0-openjdk-devel-debug to the latest version available from CentOS, using tools like yum or up2date.



 * CentOS Linux (?:6(?:.)*) (x86)
      Upgrade java-1.8.0-openjdk-headless

      
      Update java-1.8.0-openjdk-headless to the latest version available from CentOS, using tools like yum or up2date.



 * CentOS Linux (?:6(?:.)*) (x86)
      Upgrade java-1.8.0-openjdk-headless-debug

      
      Update java-1.8.0-openjdk-headless-debug to the latest version available from CentOS, using tools like yum or up2date.



 * CentOS Linux (?:6(?:.)*) (x86)
      Upgrade java-1.8.0-openjdk-javadoc

      
      Update java-1.8.0-openjdk-javadoc to the latest version available from CentOS, using tools like yum or up2date.



 * CentOS Linux (?:6(?:.)*) (x86)
      Upgrade java-1.8.0-openjdk-javadoc-debug

      
      Update java-1.8.0-openjdk-javadoc-debug to the latest version available from CentOS, using tools like yum or up2date.



 * CentOS Linux (?:6(?:.)*) (x86)
      Upgrade java-1.8.0-openjdk-src

      
      Update java-1.8.0-openjdk-src to the latest version available from CentOS, using tools like yum or up2date.



 * CentOS Linux (?:6(?:.)*) (x86)
      Upgrade java-1.8.0-openjdk-src-debug

      
      Update java-1.8.0-openjdk-src-debug to the latest version available from CentOS, using tools like yum or up2date.



 * CentOS Linux (?:6(?:.)*) (x86_64)
      Upgrade java-1.6.0-openjdk

      
      Update java-1.6.0-openjdk to the latest version available from CentOS, using tools like yum or up2date.



 * CentOS Linux (?:6(?:.)*) (x86_64)
      Upgrade java-1.6.0-openjdk-demo

      
      Update java-1.6.0-openjdk-demo to the latest version available from CentOS, using tools like yum or up2date.



 * CentOS Linux (?:6(?:.)*) (x86_64)
      Upgrade java-1.6.0-openjdk-devel

      
      Update java-1.6.0-openjdk-devel to the latest version available from CentOS, using tools like yum or up2date.



 * CentOS Linux (?:6(?:.)*) (x86_64)
      Upgrade java-1.6.0-openjdk-javadoc

      
      Update java-1.6.0-openjdk-javadoc to the latest version available from CentOS, using tools like yum or up2date.



 * CentOS Linux (?:6(?:.)*) (x86_64)
      Upgrade java-1.6.0-openjdk-src

      
      Update java-1.6.0-openjdk-src to the latest version available from CentOS, using tools like yum or up2date.



 * CentOS Linux (?:6(?:.)*) (x86_64)
      Upgrade java-1.7.0-openjdk

      
      Update java-1.7.0-openjdk to the latest version available from CentOS, using tools like yum or up2date.



 * CentOS Linux (?:6(?:.)*) (x86_64)
      Upgrade java-1.7.0-openjdk-demo

      
      Update java-1.7.0-openjdk-demo to the latest version available from CentOS, using tools like yum or up2date.



 * CentOS Linux (?:6(?:.)*) (x86_64)
      Upgrade java-1.7.0-openjdk-devel

      
      Update java-1.7.0-openjdk-devel to the latest version available from CentOS, using tools like yum or up2date.



 * CentOS Linux (?:6(?:.)*) (x86_64)
      Upgrade java-1.7.0-openjdk-javadoc

      
      Update java-1.7.0-openjdk-javadoc to the latest version available from CentOS, using tools like yum or up2date.



 * CentOS Linux (?:6(?:.)*) (x86_64)
      Upgrade java-1.7.0-openjdk-src

      
      Update java-1.7.0-openjdk-src to the latest version available from CentOS, using tools like yum or up2date.



 * CentOS Linux (?:6(?:.)*) (x86_64)
      Upgrade java-1.8.0-openjdk

      
      Update java-1.8.0-openjdk to the latest version available from CentOS, using tools like yum or up2date.



 * CentOS Linux (?:6(?:.)*) (x86_64)
      Upgrade java-1.8.0-openjdk-debug

      
      Update java-1.8.0-openjdk-debug to the latest version available from CentOS, using tools like yum or up2date.



 * CentOS Linux (?:6(?:.)*) (x86_64)
      Upgrade java-1.8.0-openjdk-demo

      
      Update java-1.8.0-openjdk-demo to the latest version available from CentOS, using tools like yum or up2date.



 * CentOS Linux (?:6(?:.)*) (x86_64)
      Upgrade java-1.8.0-openjdk-demo-debug

      
      Update java-1.8.0-openjdk-demo-debug to the latest version available from CentOS, using tools like yum or up2date.



 * CentOS Linux (?:6(?:.)*) (x86_64)
      Upgrade java-1.8.0-openjdk-devel

      
      Update java-1.8.0-openjdk-devel to the latest version available from CentOS, using tools like yum or up2date.



 * CentOS Linux (?:6(?:.)*) (x86_64)
      Upgrade java-1.8.0-openjdk-devel-debug

      
      Update java-1.8.0-openjdk-devel-debug to the latest version available from CentOS, using tools like yum or up2date.



 * CentOS Linux (?:6(?:.)*) (x86_64)
      Upgrade java-1.8.0-openjdk-headless

      
      Update java-1.8.0-openjdk-headless to the latest version available from CentOS, using tools like yum or up2date.



 * CentOS Linux (?:6(?:.)*) (x86_64)
      Upgrade java-1.8.0-openjdk-headless-debug

      
      Update java-1.8.0-openjdk-headless-debug to the latest version available from CentOS, using tools like yum or up2date.



 * CentOS Linux (?:6(?:.)*) (x86_64)
      Upgrade java-1.8.0-openjdk-javadoc

      
      Update java-1.8.0-openjdk-javadoc to the latest version available from CentOS, using tools like yum or up2date.



 * CentOS Linux (?:6(?:.)*) (x86_64)
      Upgrade java-1.8.0-openjdk-javadoc-debug

      
      Update java-1.8.0-openjdk-javadoc-debug to the latest version available from CentOS, using tools like yum or up2date.



 * CentOS Linux (?:6(?:.)*) (x86_64)
      Upgrade java-1.8.0-openjdk-src

      
      Update java-1.8.0-openjdk-src to the latest version available from CentOS, using tools like yum or up2date.



 * CentOS Linux (?:6(?:.)*) (x86_64)
      Upgrade java-1.8.0-openjdk-src-debug

      
      Update java-1.8.0-openjdk-src-debug to the latest version available from CentOS, using tools like yum or up2date.



 * CentOS Linux (?:7(?:.)*) (x86_64)
      Upgrade java-1.6.0-openjdk

      
      Update java-1.6.0-openjdk to the latest version available from CentOS, using tools like yum or up2date.



 * CentOS Linux (?:7(?:.)*) (x86_64)
      Upgrade java-1.6.0-openjdk-demo

      
      Update java-1.6.0-openjdk-demo to the latest version available from CentOS, using tools like yum or up2date.



 * CentOS Linux (?:7(?:.)*) (x86_64)
      Upgrade java-1.6.0-openjdk-devel

      
      Update java-1.6.0-openjdk-devel to the latest version available from CentOS, using tools like yum or up2date.



 * CentOS Linux (?:7(?:.)*) (x86_64)
      Upgrade java-1.6.0-openjdk-javadoc

      
      Update java-1.6.0-openjdk-javadoc to the latest version available from CentOS, using tools like yum or up2date.



 * CentOS Linux (?:7(?:.)*) (x86_64)
      Upgrade java-1.6.0-openjdk-src

      
      Update java-1.6.0-openjdk-src to the latest version available from CentOS, using tools like yum or up2date.



 * CentOS Linux (?:7(?:.)*) (x86_64)
      Upgrade java-1.7.0-openjdk

      
      Update java-1.7.0-openjdk to the latest version available from CentOS, using tools like yum or up2date.



 * CentOS Linux (?:7(?:.)*) (x86_64)
      Upgrade java-1.7.0-openjdk-accessibility

      
      Update java-1.7.0-openjdk-accessibility to the latest version available from CentOS, using tools like yum or up2date.



 * CentOS Linux (?:7(?:.)*) (x86_64)
      Upgrade java-1.7.0-openjdk-demo

      
      Update java-1.7.0-openjdk-demo to the latest version available from CentOS, using tools like yum or up2date.



 * CentOS Linux (?:7(?:.)*) (x86_64)
      Upgrade java-1.7.0-openjdk-devel

      
      Update java-1.7.0-openjdk-devel to the latest version available from CentOS, using tools like yum or up2date.



 * CentOS Linux (?:7(?:.)*) (x86_64)
      Upgrade java-1.7.0-openjdk-headless

      
      Update java-1.7.0-openjdk-headless to the latest version available from CentOS, using tools like yum or up2date.



 * CentOS Linux (?:7(?:.)*) (x86_64)
      Upgrade java-1.7.0-openjdk-javadoc

      
      Update java-1.7.0-openjdk-javadoc to the latest version available from CentOS, using tools like yum or up2date.



 * CentOS Linux (?:7(?:.)*) (x86_64)
      Upgrade java-1.7.0-openjdk-src

      
      Update java-1.7.0-openjdk-src to the latest version available from CentOS, using tools like yum or up2date.



 * CentOS Linux (?:7(?:.)*) (x86_64)
      Upgrade java-1.8.0-openjdk

      
      Update java-1.8.0-openjdk to the latest version available from CentOS, using tools like yum or up2date.



 * CentOS Linux (?:7(?:.)*) (x86_64)
      Upgrade java-1.8.0-openjdk-accessibility

      
      Update java-1.8.0-openjdk-accessibility to the latest version available from CentOS, using tools like yum or up2date.



 * CentOS Linux (?:7(?:.)*) (x86_64)
      Upgrade java-1.8.0-openjdk-accessibility-debug

      
      Update java-1.8.0-openjdk-accessibility-debug to the latest version available from CentOS, using tools like yum or up2date.



 * CentOS Linux (?:7(?:.)*) (x86",2016-09-15,2016-09-15,Cent OS: CVE-2016-3550: CESA-2016:1776 (java-1.6.0-openjdk)
