10.103.128.203,"['Partition Mounting Weakness', ""Root's umask value is unsafe"", 'Anonymous root login is allowed', 'ICMP timestamp response', 'No password for Grub', 'Ubuntu: USN-3068-1 (CVE-2016-6261): Libidn vulnerabilities', 'Ubuntu: USN-3068-1 (CVE-2016-6262): Libidn vulnerabilities', 'Ubuntu: USN-3068-1 (CVE-2016-6263): Libidn vulnerabilities', 'Ubuntu: USN-3068-1 (CVE-2015-8948): Libidn vulnerabilities', 'Ubuntu: USN-3068-1 (CVE-2015-2059): Libidn vulnerabilities']"
10.103.128.20,"['Partition Mounting Weakness', ""Root's umask value is unsafe"", 'ICMP timestamp response', 'UDP IP ID Zero', 'Cent OS: CVE-2016-3458: CESA-2016:1776 (java-1.6.0-openjdk)', 'Cent OS: CVE-2016-3606: CESA-2016:1776 (java-1.6.0-openjdk)', 'Cent OS: CVE-2016-3500: CESA-2016:1776 (java-1.6.0-openjdk)', 'Cent OS: CVE-2016-3508: CESA-2016:1776 (java-1.6.0-openjdk)', 'Cent OS: CVE-2016-3550: CESA-2016:1776 (java-1.6.0-openjdk)']"
10.103.128.12,"['Partition Mounting Weakness', ""Root's umask value is unsafe"", 'ICMP timestamp response', 'UDP IP ID Zero', 'Cent OS: CVE-2016-3458: CESA-2016:1776 (java-1.6.0-openjdk)', 'Cent OS: CVE-2016-3606: CESA-2016:1776 (java-1.6.0-openjdk)', 'Cent OS: CVE-2016-3500: CESA-2016:1776 (java-1.6.0-openjdk)', 'Cent OS: CVE-2016-3508: CESA-2016:1776 (java-1.6.0-openjdk)', 'Cent OS: CVE-2016-3550: CESA-2016:1776 (java-1.6.0-openjdk)']"
10.103.128.10,"['Partition Mounting Weakness', ""Root's umask value is unsafe"", 'ICMP timestamp response', 'UDP IP ID Zero', 'Cent OS: CVE-2016-3458: CESA-2016:1776 (java-1.6.0-openjdk)', 'Cent OS: CVE-2016-3606: CESA-2016:1776 (java-1.6.0-openjdk)', 'Cent OS: CVE-2016-3500: CESA-2016:1776 (java-1.6.0-openjdk)', 'Cent OS: CVE-2016-3508: CESA-2016:1776 (java-1.6.0-openjdk)', 'Cent OS: CVE-2016-3550: CESA-2016:1776 (java-1.6.0-openjdk)', 'Partition Mounting Weakness', ""Root's umask value is unsafe"", 'ICMP timestamp response', 'UDP IP ID Zero', 'Cent OS: CVE-2016-3458: CESA-2016:1776 (java-1.6.0-openjdk)', 'Cent OS: CVE-2016-3606: CESA-2016:1776 (java-1.6.0-openjdk)', 'Cent OS: CVE-2016-3500: CESA-2016:1776 (java-1.6.0-openjdk)', 'Cent OS: CVE-2016-3508: CESA-2016:1776 (java-1.6.0-openjdk)', 'Cent OS: CVE-2016-3550: CESA-2016:1776 (java-1.6.0-openjdk)']"
10.103.128.11,"['Partition Mounting Weakness', ""Root's umask value is unsafe"", 'ICMP timestamp response', 'UDP IP ID Zero', 'Cent OS: CVE-2016-3458: CESA-2016:1776 (java-1.6.0-openjdk)', 'Cent OS: CVE-2016-3606: CESA-2016:1776 (java-1.6.0-openjdk)', 'Cent OS: CVE-2016-3500: CESA-2016:1776 (java-1.6.0-openjdk)', 'Cent OS: CVE-2016-3508: CESA-2016:1776 (java-1.6.0-openjdk)', 'Cent OS: CVE-2016-3550: CESA-2016:1776 (java-1.6.0-openjdk)']"
10.103.129.20,"['Partition Mounting Weakness', ""Root's umask value is unsafe"", 'ICMP timestamp response', 'UDP IP ID Zero', 'Cent OS: CVE-2016-3458: CESA-2016:1776 (java-1.6.0-openjdk)', 'Cent OS: CVE-2016-3606: CESA-2016:1776 (java-1.6.0-openjdk)', 'Cent OS: CVE-2016-3500: CESA-2016:1776 (java-1.6.0-openjdk)', 'Cent OS: CVE-2016-3508: CESA-2016:1776 (java-1.6.0-openjdk)', 'Cent OS: CVE-2016-3550: CESA-2016:1776 (java-1.6.0-openjdk)']"
10.103.65.10,"['Partition Mounting Weakness', ""Root's umask value is unsafe"", 'TCP Sequence Number Approximation Vulnerability', 'X.509 Certificate Subject CN Does Not Match the Entity Name', 'ICMP timestamp response', 'TLS/SSL Server Supports RC4 Cipher Algorithms (CVE-2013-2566)', 'TLS/SSL Server Supports RC4 Cipher Algorithms (CVE-2013-2566)', 'UDP IP ID Zero', 'TLS/SSL Server Supports DES and IDEA Cipher Suites', 'TLS/SSL Server Supports The Use of Static Key Ciphers', 'TLS Server Supports TLS version 1.1', 'TLS/SSL Server Is Using Commonly Used Prime Numbers', 'TLS Server Supports TLS version 1.0', 'TLS/SSL Server Supports 3DES Cipher Suite', 'OpenSSL Memory leak in SRP database lookups (CVE-2016-0798)', 'OpenSSL Memory leak in SRP database lookups (CVE-2016-0798)', 'OpenSSL EBCDIC overread (CVE-2016-2176)', 'OpenSSL EBCDIC overread (CVE-2016-2176)', 'Apache HTTPD: TLS/SSL X.509 client certificate auth bypass with HTTP/2 (CVE-2016-4979)', 'Apache HTTPD: TLS/SSL X.509 client certificate auth bypass with HTTP/2 (CVE-2016-4979)', 'Cent OS: CVE-2016-3458: CESA-2016:1776 (java-1.6.0-openjdk)', 'Cent OS: CVE-2016-3606: CESA-2016:1776 (java-1.6.0-openjdk)', 'Cent OS: CVE-2016-3500: CESA-2016:1776 (java-1.6.0-openjdk)', 'Cent OS: CVE-2016-3508: CESA-2016:1776 (java-1.6.0-openjdk)', 'Cent OS: CVE-2016-3550: CESA-2016:1776 (java-1.6.0-openjdk)', 'TLS/SSL Birthday attacks on 64-bit block ciphers (SWEET32)']"
10.103.65.254,"[""Root's umask value is unsafe"", 'IP Source Routing Enabled', 'ICMP redirection enabled', 'Files or directories with no real owner or group', 'Anonymous root login is allowed', 'ICMP timestamp response', 'TCP timestamp response', 'Amazon Linux AMI: CVE-2016-1000110: Security patch for python34,python27,python26 (ALAS-2016-741)']"
10.103.129.12,"['Partition Mounting Weakness', ""Root's umask value is unsafe"", 'ICMP timestamp response', 'UDP IP ID Zero', 'Cent OS: CVE-2016-3458: CESA-2016:1776 (java-1.6.0-openjdk)', 'Cent OS: CVE-2016-3606: CESA-2016:1776 (java-1.6.0-openjdk)', 'Cent OS: CVE-2016-3500: CESA-2016:1776 (java-1.6.0-openjdk)', 'Cent OS: CVE-2016-3508: CESA-2016:1776 (java-1.6.0-openjdk)', 'Cent OS: CVE-2016-3550: CESA-2016:1776 (java-1.6.0-openjdk)']"
10.103.129.11,"['Partition Mounting Weakness', ""Root's umask value is unsafe"", 'ICMP timestamp response', 'UDP IP ID Zero', 'Cent OS: CVE-2016-3458: CESA-2016:1776 (java-1.6.0-openjdk)', 'Cent OS: CVE-2016-3606: CESA-2016:1776 (java-1.6.0-openjdk)', 'Cent OS: CVE-2016-3500: CESA-2016:1776 (java-1.6.0-openjdk)', 'Cent OS: CVE-2016-3508: CESA-2016:1776 (java-1.6.0-openjdk)', 'Cent OS: CVE-2016-3550: CESA-2016:1776 (java-1.6.0-openjdk)']"
10.103.129.10,"['Partition Mounting Weakness', ""Root's umask value is unsafe"", 'ICMP timestamp response', 'UDP IP ID Zero', 'Cent OS: CVE-2016-3458: CESA-2016:1776 (java-1.6.0-openjdk)', 'Cent OS: CVE-2016-3606: CESA-2016:1776 (java-1.6.0-openjdk)', 'Cent OS: CVE-2016-3500: CESA-2016:1776 (java-1.6.0-openjdk)', 'Cent OS: CVE-2016-3508: CESA-2016:1776 (java-1.6.0-openjdk)', 'Cent OS: CVE-2016-3550: CESA-2016:1776 (java-1.6.0-openjdk)']"
10.103.128.64,"['Partition Mounting Weakness', ""Root's umask value is unsafe"", 'ICMP timestamp response', 'UDP IP ID Zero', 'Cent OS: CVE-2016-3458: CESA-2016:1776 (java-1.6.0-openjdk)', 'Cent OS: CVE-2016-3606: CESA-2016:1776 (java-1.6.0-openjdk)', 'Cent OS: CVE-2016-3500: CESA-2016:1776 (java-1.6.0-openjdk)', 'Cent OS: CVE-2016-3508: CESA-2016:1776 (java-1.6.0-openjdk)', 'Cent OS: CVE-2016-3550: CESA-2016:1776 (java-1.6.0-openjdk)']"
10.103.192.10,"['Partition Mounting Weakness', ""Root's umask value is unsafe"", 'Database Open Access', 'ICMP timestamp response', 'UDP IP ID Zero', 'Cent OS: CVE-2016-3458: CESA-2016:1776 (java-1.6.0-openjdk)', 'Cent OS: CVE-2016-3606: CESA-2016:1776 (java-1.6.0-openjdk)', 'Cent OS: CVE-2016-3500: CESA-2016:1776 (java-1.6.0-openjdk)', 'Cent OS: CVE-2016-3508: CESA-2016:1776 (java-1.6.0-openjdk)', 'Cent OS: CVE-2016-3550: CESA-2016:1776 (java-1.6.0-openjdk)']"
10.103.64.254,"[""Root's umask value is unsafe"", 'IP Source Routing Enabled', 'ICMP redirection enabled', 'Anonymous root login is allowed', 'ICMP timestamp response', 'TCP timestamp response', 'Amazon Linux AMI: CVE-2016-1000110: Security patch for python34,python27,python26 (ALAS-2016-741)']"
10.103.64.10,"['CESA-2011:0347: openldap security update', ""Root's umask value is unsafe"", 'SHA-1-based Signature in TLS/SSL Server X.509 Certificate', 'ICMP timestamp response', 'TLS/SSL Server Supports RC4 Cipher Algorithms (CVE-2013-2566)', 'TLS/SSL Server Supports RC4 Cipher Algorithms (CVE-2013-2566)', 'UDP IP ID Zero', 'Weak Cryptographic Key', 'Untrusted TLS/SSL server X.509 certificate', 'TCP timestamp response', 'TLS/SSL Server Supports DES and IDEA Cipher Suites', 'TLS/SSL Server Supports The Use of Static Key Ciphers', 'TLS Server Supports TLS version 1.1', 'TLS/SSL Server Is Using Commonly Used Prime Numbers', 'Diffie-Hellman group smaller than 2048 bits', 'TLS Server Supports TLS version 1.0', 'TLS/SSL Server Supports 3DES Cipher Suite', 'OpenSSL Memory leak in SRP database lookups (CVE-2016-0798)', 'OpenSSL Memory leak in SRP database lookups (CVE-2016-0798)', 'OpenSSL EBCDIC overread (CVE-2016-2176)', 'OpenSSL EBCDIC overread (CVE-2016-2176)', 'Apache HTTPD: TLS/SSL X.509 client certificate auth bypass with HTTP/2 (CVE-2016-4979)', 'Apache HTTPD: TLS/SSL X.509 client certificate auth bypass with HTTP/2 (CVE-2016-4979)', 'TLS/SSL Birthday attacks on 64-bit block ciphers (SWEET32)']"
10.103.65.100,"['Cross Site Scripting Vulnerability', 'Cross Site Scripting Vulnerability', 'Cross Site Scripting Vulnerability', 'Cross Site Scripting Vulnerability', 'Partition Mounting Weakness', ""Root's umask value is unsafe"", 'MySQL mysqlaccess Temporary File Symlink Attack', 'ICMP redirection enabled', 'World writable files exist', 'X.509 Certificate Subject CN Does Not Match the Entity Name', 'Anonymous root login is allowed', 'TCP timestamp response', 'TLS/SSL Server Supports The Use of Static Key Ciphers', 'TLS Server Supports TLS version 1.1', 'TLS Server Supports TLS version 1.0', 'TLS/SSL Server Supports 3DES Cipher Suite', 'TLS/SSL Birthday attacks on 64-bit block ciphers (SWEET32)']"
